2026-09-11 17:59:42.923 [Test worker] INFO  io.ktor.server.Application - Autoreload is disabled because the development mode is off.
2026-09-11 17:59:42.947 [Test worker] INFO  io.ktor.server.Application - Application started in 0.032 seconds.
2026-09-11 17:59:43.017 [DefaultDispatcher-worker-1 @coroutine#6] INFO  io.ktor.server.Application - Responding at http://0.0.0.0:33397
2026-09-11 17:59:43.078 [Test worker @coroutine#7] TRACE i.k.c.p.c.ContentNegotiation - Adding Accept=application/json header for http://localhost:33397/statements
2026-09-11 17:59:43.091 [Test worker @coroutine#7] TRACE i.k.c.p.c.ContentNegotiation - Converted request body using io.ktor.serialization.kotlinx.KotlinxSerializationConverter@25be445f for http://localhost:33397/statements
2026-09-11 17:59:43.092 [Test worker @coroutine#7] TRACE i.k.c.plugins.defaultTransformers - Transformed with default transformers request body for http://localhost:33397/statements from class io.ktor.http.content.TextContent
2026-09-11 17:59:43.372 [eventLoopGroupProxy-4-1 @call-handler#10] TRACE io.ktor.server.routing.Routing - Trace for [statements]
/, segment:0 -> SUCCESS @ /
  /statements, segment:1 -> SUCCESS @ /statements
    /statements [(method:GET)], segment:1 -> FAILURE "Selector didn't match" @ /statements [(method:GET)]
    /statements [(method:POST)], segment:1 -> SUCCESS @ /statements [(method:POST)]
Matched routes:
  "" -> "statements" -> "(method:POST)"
Routing resolve result:
  SUCCESS @ /statements [(method:POST)]
2026-09-11 17:59:43.380 [eventLoopGroupProxy-4-1 @call-handler#10] TRACE i.k.server.engine.DefaultTransform - No Default Transformations found for class io.ktor.utils.io.ByteChannel and expected type TypeInfo(kotlinx.serialization.json.JsonElement) for call /statements
2026-09-11 17:59:43.469 [Test worker @coroutine#7] TRACE io.ktor.client.plugins.SaveBody - Saving body for http://localhost:33397/statements
2026-09-11 17:59:43.470 [Test worker @coroutine#7] TRACE i.k.client.plugins.HttpCallValidator - Validating response for request http://localhost:33397/statements
2026-09-11 17:59:43.470 [Test worker @coroutine#7] TRACE i.k.c.p.DefaultResponseValidation - Skipping default response validation for http://localhost:33397/statements
2026-09-11 17:59:43.472 [Test worker @coroutine#7] TRACE i.k.c.p.c.ContentNegotiation - Response body was converted to class java.util.ArrayList for http://localhost:33397/statements.
2026-09-11 17:59:43.479 [Test worker @coroutine#7] TRACE i.k.c.p.c.ContentNegotiation - Adding Accept=application/json header for http://localhost:33397/statements?statementId=5893dbc4-fb35-4b4d-812e-6f485d00eb1f&related_activities=false&related_agents=false&format=canonical&attachments=false&ascending=false
2026-09-11 17:59:43.479 [Test worker @coroutine#7] TRACE i.k.c.p.c.ContentNegotiation - Body type class io.ktor.client.utils.EmptyContent is in ignored types. Skipping ContentNegotiation for http://localhost:33397/statements?statementId=5893dbc4-fb35-4b4d-812e-6f485d00eb1f&related_activities=false&related_agents=false&format=canonical&attachments=false&ascending=false.
2026-09-11 17:59:43.486 [eventLoopGroupProxy-4-1 @call-handler#15] TRACE io.ktor.server.routing.Routing - Trace for [statements]
/, segment:0 -> SUCCESS @ /
  /statements, segment:1 -> SUCCESS @ /statements
    /statements [(method:GET)], segment:1 -> SUCCESS @ /statements [(method:GET)]
    /statements [(method:POST)], segment:1 -> FAILURE "Selector didn't match" @ /statements [(method:POST)]
Matched routes:
  "" -> "statements" -> "(method:GET)"
Routing resolve result:
  SUCCESS @ /statements [(method:GET)]
2026-09-11 17:59:43.505 [Test worker @coroutine#7] TRACE io.ktor.client.plugins.SaveBody - Saving body for http://localhost:33397/statements?statementId=5893dbc4-fb35-4b4d-812e-6f485d00eb1f&related_activities=false&related_agents=false&format=canonical&attachments=false&ascending=false
2026-09-11 17:59:43.507 [Test worker @coroutine#7] TRACE i.k.client.plugins.HttpCallValidator - Validating response for request http://localhost:33397/statements?statementId=5893dbc4-fb35-4b4d-812e-6f485d00eb1f&related_activities=false&related_agents=false&format=canonical&attachments=false&ascending=false
2026-09-11 17:59:43.507 [Test worker @coroutine#7] TRACE i.k.c.p.DefaultResponseValidation - Skipping default response validation for http://localhost:33397/statements?statementId=5893dbc4-fb35-4b4d-812e-6f485d00eb1f&related_activities=false&related_agents=false&format=canonical&attachments=false&ascending=false
2026-09-11 17:59:43.509 [Test worker @coroutine#7] TRACE i.k.c.p.c.ContentNegotiation - Response body was converted to class world.respect.lib.xapi.model.XapiStatementResult for http://localhost:33397/statements?statementId=5893dbc4-fb35-4b4d-812e-6f485d00eb1f&related_activities=false&related_agents=false&format=canonical&attachments=false&ascending=false.
2026-09-11 17:59:43.518 [Test worker @coroutine#7] TRACE i.k.c.p.c.ContentNegotiation - Adding Accept=application/json header for http://localhost:33397/statements?statementId=5893dbc4-fb35-4b4d-812e-6f485d00eb1f&related_activities=false&related_agents=false&format=exact&attachments=false&ascending=false
2026-09-11 17:59:43.519 [Test worker @coroutine#7] TRACE i.k.c.p.c.ContentNegotiation - Body type class io.ktor.client.utils.EmptyContent is in ignored types. Skipping ContentNegotiation for http://localhost:33397/statements?statementId=5893dbc4-fb35-4b4d-812e-6f485d00eb1f&related_activities=false&related_agents=false&format=exact&attachments=false&ascending=false.
2026-09-11 17:59:43.523 [eventLoopGroupProxy-4-1 @call-handler#18] TRACE io.ktor.server.routing.Routing - Trace for [statements]
/, segment:0 -> SUCCESS @ /
  /statements, segment:1 -> SUCCESS @ /statements
    /statements [(method:GET)], segment:1 -> SUCCESS @ /statements [(method:GET)]
    /statements [(method:POST)], segment:1 -> FAILURE "Selector didn't match" @ /statements [(method:POST)]
Matched routes:
  "" -> "statements" -> "(method:GET)"
Routing resolve result:
  SUCCESS @ /statements [(method:GET)]
2026-09-11 17:59:43.539 [Test worker @coroutine#7] TRACE io.ktor.client.plugins.SaveBody - Saving body for http://localhost:33397/statements?statementId=5893dbc4-fb35-4b4d-812e-6f485d00eb1f&related_activities=false&related_agents=false&format=exact&attachments=false&ascending=false
2026-09-11 17:59:43.540 [Test worker @coroutine#7] TRACE i.k.client.plugins.HttpCallValidator - Validating response for request http://localhost:33397/statements?statementId=5893dbc4-fb35-4b4d-812e-6f485d00eb1f&related_activities=false&related_agents=false&format=exact&attachments=false&ascending=false
2026-09-11 17:59:43.541 [Test worker @coroutine#7] TRACE i.k.c.p.DefaultResponseValidation - Skipping default response validation for http://localhost:33397/statements?statementId=5893dbc4-fb35-4b4d-812e-6f485d00eb1f&related_activities=false&related_agents=false&format=exact&attachments=false&ascending=false
2026-09-11 17:59:43.544 [Test worker @coroutine#7] TRACE i.k.c.p.c.ContentNegotiation - Response body was converted to class world.respect.lib.xapi.model.XapiStatementResult for http://localhost:33397/statements?statementId=5893dbc4-fb35-4b4d-812e-6f485d00eb1f&related_activities=false&related_agents=false&format=exact&attachments=false&ascending=false.
2026-09-11 17:59:43.545 [Test worker @coroutine#7] TRACE i.k.c.p.c.ContentNegotiation - Adding Accept=application/json header for http://localhost:33397/statements?statementId=5893dbc4-fb35-4b4d-812e-6f485d00eb1f&related_activities=false&related_agents=false&format=ids&attachments=false&ascending=false
2026-09-11 17:59:43.545 [Test worker @coroutine#7] TRACE i.k.c.p.c.ContentNegotiation - Body type class io.ktor.client.utils.EmptyContent is in ignored types. Skipping ContentNegotiation for http://localhost:33397/statements?statementId=5893dbc4-fb35-4b4d-812e-6f485d00eb1f&related_activities=false&related_agents=false&format=ids&attachments=false&ascending=false.
2026-09-11 17:59:43.549 [eventLoopGroupProxy-4-1 @call-handler#21] TRACE io.ktor.server.routing.Routing - Trace for [statements]
/, segment:0 -> SUCCESS @ /
  /statements, segment:1 -> SUCCESS @ /statements
    /statements [(method:GET)], segment:1 -> SUCCESS @ /statements [(method:GET)]
    /statements [(method:POST)], segment:1 -> FAILURE "Selector didn't match" @ /statements [(method:POST)]
Matched routes:
  "" -> "statements" -> "(method:GET)"
Routing resolve result:
  SUCCESS @ /statements [(method:GET)]
2026-09-11 17:59:43.557 [Test worker @coroutine#7] TRACE io.ktor.client.plugins.SaveBody - Saving body for http://localhost:33397/statements?statementId=5893dbc4-fb35-4b4d-812e-6f485d00eb1f&related_activities=false&related_agents=false&format=ids&attachments=false&ascending=false
2026-09-11 17:59:43.558 [Test worker @coroutine#7] TRACE i.k.client.plugins.HttpCallValidator - Validating response for request http://localhost:33397/statements?statementId=5893dbc4-fb35-4b4d-812e-6f485d00eb1f&related_activities=false&related_agents=false&format=ids&attachments=false&ascending=false
2026-09-11 17:59:43.559 [Test worker @coroutine#7] TRACE i.k.c.p.DefaultResponseValidation - Skipping default response validation for http://localhost:33397/statements?statementId=5893dbc4-fb35-4b4d-812e-6f485d00eb1f&related_activities=false&related_agents=false&format=ids&attachments=false&ascending=false
2026-09-11 17:59:43.560 [Test worker @coroutine#7] TRACE i.k.c.p.c.ContentNegotiation - Response body was converted to class world.respect.lib.xapi.model.XapiStatementResult for http://localhost:33397/statements?statementId=5893dbc4-fb35-4b4d-812e-6f485d00eb1f&related_activities=false&related_agents=false&format=ids&attachments=false&ascending=false.
2026-09-11 17:59:43.561 [Test worker @coroutine#7] TRACE i.k.c.p.c.ContentNegotiation - Adding Accept=application/json header for http://localhost:33397/statements
2026-09-11 17:59:43.561 [Test worker @coroutine#7] TRACE i.k.c.p.c.ContentNegotiation - Converted request body using io.ktor.serialization.kotlinx.KotlinxSerializationConverter@25be445f for http://localhost:33397/statements
2026-09-11 17:59:43.561 [Test worker @coroutine#7] TRACE i.k.c.plugins.defaultTransformers - Transformed with default transformers request body for http://localhost:33397/statements from class io.ktor.http.content.TextContent
2026-09-11 17:59:43.566 [eventLoopGroupProxy-4-1 @call-handler#24] TRACE io.ktor.server.routing.Routing - Trace for [statements]
/, segment:0 -> SUCCESS @ /
  /statements, segment:1 -> SUCCESS @ /statements
    /statements [(method:GET)], segment:1 -> FAILURE "Selector didn't match" @ /statements [(method:GET)]
    /statements [(method:POST)], segment:1 -> SUCCESS @ /statements [(method:POST)]
Matched routes:
  "" -> "statements" -> "(method:POST)"
Routing resolve result:
  SUCCESS @ /statements [(method:POST)]
2026-09-11 17:59:43.566 [eventLoopGroupProxy-4-1 @call-handler#24] TRACE i.k.server.engine.DefaultTransform - No Default Transformations found for class io.ktor.utils.io.ByteChannel and expected type TypeInfo(kotlinx.serialization.json.JsonElement) for call /statements
2026-09-11 17:59:43.578 [Test worker @coroutine#7] TRACE io.ktor.client.plugins.SaveBody - Saving body for http://localhost:33397/statements
2026-09-11 17:59:43.578 [Test worker @coroutine#7] TRACE i.k.client.plugins.HttpCallValidator - Validating response for request http://localhost:33397/statements
2026-09-11 17:59:43.578 [Test worker @coroutine#7] TRACE i.k.c.p.DefaultResponseValidation - Skipping default response validation for http://localhost:33397/statements
2026-09-11 17:59:43.579 [Test worker @coroutine#7] TRACE i.k.c.p.c.ContentNegotiation - Response body was converted to class java.util.ArrayList for http://localhost:33397/statements.
2026-09-11 17:59:43.582 [Test worker @coroutine#7] TRACE i.k.c.p.c.ContentNegotiation - Adding Accept=application/json header for http://localhost:33397/statements?statementId=7750d516-ad73-4c46-89eb-767b15d64f47&related_activities=false&related_agents=false&format=canonical&attachments=false&ascending=false
2026-09-11 17:59:43.583 [Test worker @coroutine#7] TRACE i.k.c.p.c.ContentNegotiation - Body type class io.ktor.client.utils.EmptyContent is in ignored types. Skipping ContentNegotiation for http://localhost:33397/statements?statementId=7750d516-ad73-4c46-89eb-767b15d64f47&related_activities=false&related_agents=false&format=canonical&attachments=false&ascending=false.
2026-09-11 17:59:43.586 [eventLoopGroupProxy-4-1 @call-handler#29] TRACE io.ktor.server.routing.Routing - Trace for [statements]
/, segment:0 -> SUCCESS @ /
  /statements, segment:1 -> SUCCESS @ /statements
    /statements [(method:GET)], segment:1 -> SUCCESS @ /statements [(method:GET)]
    /statements [(method:POST)], segment:1 -> FAILURE "Selector didn't match" @ /statements [(method:POST)]
Matched routes:
  "" -> "statements" -> "(method:GET)"
Routing resolve result:
  SUCCESS @ /statements [(method:GET)]
2026-09-11 17:59:43.593 [Test worker @coroutine#7] TRACE io.ktor.client.plugins.SaveBody - Saving body for http://localhost:33397/statements?statementId=7750d516-ad73-4c46-89eb-767b15d64f47&related_activities=false&related_agents=false&format=canonical&attachments=false&ascending=false
2026-09-11 17:59:43.594 [Test worker @coroutine#7] TRACE i.k.client.plugins.HttpCallValidator - Validating response for request http://localhost:33397/statements?statementId=7750d516-ad73-4c46-89eb-767b15d64f47&related_activities=false&related_agents=false&format=canonical&attachments=false&ascending=false
2026-09-11 17:59:43.594 [Test worker @coroutine#7] TRACE i.k.c.p.DefaultResponseValidation - Skipping default response validation for http://localhost:33397/statements?statementId=7750d516-ad73-4c46-89eb-767b15d64f47&related_activities=false&related_agents=false&format=canonical&attachments=false&ascending=false
2026-09-11 17:59:43.596 [Test worker @coroutine#7] TRACE i.k.c.p.c.ContentNegotiation - Response body was converted to class world.respect.lib.xapi.model.XapiStatementResult for http://localhost:33397/statements?statementId=7750d516-ad73-4c46-89eb-767b15d64f47&related_activities=false&related_agents=false&format=canonical&attachments=false&ascending=false.
2026-09-11 17:59:43.597 [Test worker @coroutine#7] TRACE i.k.c.p.c.ContentNegotiation - Adding Accept=application/json header for http://localhost:33397/statements?statementId=7750d516-ad73-4c46-89eb-767b15d64f47&related_activities=false&related_agents=false&format=exact&attachments=false&ascending=false
2026-09-11 17:59:43.597 [Test worker @coroutine#7] TRACE i.k.c.p.c.ContentNegotiation - Body type class io.ktor.client.utils.EmptyContent is in ignored types. Skipping ContentNegotiation for http://localhost:33397/statements?statementId=7750d516-ad73-4c46-89eb-767b15d64f47&related_activities=false&related_agents=false&format=exact&attachments=false&ascending=false.
2026-09-11 17:59:43.600 [eventLoopGroupProxy-4-1 @call-handler#32] TRACE io.ktor.server.routing.Routing - Trace for [statements]
/, segment:0 -> SUCCESS @ /
  /statements, segment:1 -> SUCCESS @ /statements
    /statements [(method:GET)], segment:1 -> SUCCESS @ /statements [(method:GET)]
    /statements [(method:POST)], segment:1 -> FAILURE "Selector didn't match" @ /statements [(method:POST)]
Matched routes:
  "" -> "statements" -> "(method:GET)"
Routing resolve result:
  SUCCESS @ /statements [(method:GET)]
2026-09-11 17:59:43.604 [Test worker @coroutine#7] TRACE io.ktor.client.plugins.SaveBody - Saving body for http://localhost:33397/statements?statementId=7750d516-ad73-4c46-89eb-767b15d64f47&related_activities=false&related_agents=false&format=exact&attachments=false&ascending=false
2026-09-11 17:59:43.604 [Test worker @coroutine#7] TRACE i.k.client.plugins.HttpCallValidator - Validating response for request http://localhost:33397/statements?statementId=7750d516-ad73-4c46-89eb-767b15d64f47&related_activities=false&related_agents=false&format=exact&attachments=false&ascending=false
2026-09-11 17:59:43.604 [Test worker @coroutine#7] TRACE i.k.c.p.DefaultResponseValidation - Skipping default response validation for http://localhost:33397/statements?statementId=7750d516-ad73-4c46-89eb-767b15d64f47&related_activities=false&related_agents=false&format=exact&attachments=false&ascending=false
2026-09-11 17:59:43.605 [Test worker @coroutine#7] TRACE i.k.c.p.c.ContentNegotiation - Response body was converted to class world.respect.lib.xapi.model.XapiStatementResult for http://localhost:33397/statements?statementId=7750d516-ad73-4c46-89eb-767b15d64f47&related_activities=false&related_agents=false&format=exact&attachments=false&ascending=false.
2026-09-11 17:59:43.606 [Test worker @coroutine#7] TRACE i.k.c.p.c.ContentNegotiation - Adding Accept=application/json header for http://localhost:33397/statements?statementId=7750d516-ad73-4c46-89eb-767b15d64f47&related_activities=false&related_agents=false&format=ids&attachments=false&ascending=false
2026-09-11 17:59:43.606 [Test worker @coroutine#7] TRACE i.k.c.p.c.ContentNegotiation - Body type class io.ktor.client.utils.EmptyContent is in ignored types. Skipping ContentNegotiation for http://localhost:33397/statements?statementId=7750d516-ad73-4c46-89eb-767b15d64f47&related_activities=false&related_agents=false&format=ids&attachments=false&ascending=false.
2026-09-11 17:59:43.608 [eventLoopGroupProxy-4-1 @call-handler#35] TRACE io.ktor.server.routing.Routing - Trace for [statements]
/, segment:0 -> SUCCESS @ /
  /statements, segment:1 -> SUCCESS @ /statements
    /statements [(method:GET)], segment:1 -> SUCCESS @ /statements [(method:GET)]
    /statements [(method:POST)], segment:1 -> FAILURE "Selector didn't match" @ /statements [(method:POST)]
Matched routes:
  "" -> "statements" -> "(method:GET)"
Routing resolve result:
  SUCCESS @ /statements [(method:GET)]
2026-09-11 17:59:43.612 [Test worker @coroutine#7] TRACE io.ktor.client.plugins.SaveBody - Saving body for http://localhost:33397/statements?statementId=7750d516-ad73-4c46-89eb-767b15d64f47&related_activities=false&related_agents=false&format=ids&attachments=false&ascending=false
2026-09-11 17:59:43.613 [Test worker @coroutine#7] TRACE i.k.client.plugins.HttpCallValidator - Validating response for request http://localhost:33397/statements?statementId=7750d516-ad73-4c46-89eb-767b15d64f47&related_activities=false&related_agents=false&format=ids&attachments=false&ascending=false
2026-09-11 17:59:43.613 [Test worker @coroutine#7] TRACE i.k.c.p.DefaultResponseValidation - Skipping default response validation for http://localhost:33397/statements?statementId=7750d516-ad73-4c46-89eb-767b15d64f47&related_activities=false&related_agents=false&format=ids&attachments=false&ascending=false
2026-09-11 17:59:43.615 [Test worker @coroutine#7] TRACE i.k.c.p.c.ContentNegotiation - Response body was converted to class world.respect.lib.xapi.model.XapiStatementResult for http://localhost:33397/statements?statementId=7750d516-ad73-4c46-89eb-767b15d64f47&related_activities=false&related_agents=false&format=ids&attachments=false&ascending=false.
2026-09-11 17:59:43.616 [Test worker @coroutine#7] TRACE i.k.c.p.c.ContentNegotiation - Adding Accept=application/json header for http://localhost:33397/statements
2026-09-11 17:59:43.617 [Test worker @coroutine#7] TRACE i.k.c.p.c.ContentNegotiation - Converted request body using io.ktor.serialization.kotlinx.KotlinxSerializationConverter@25be445f for http://localhost:33397/statements
2026-09-11 17:59:43.617 [Test worker @coroutine#7] TRACE i.k.c.plugins.defaultTransformers - Transformed with default transformers request body for http://localhost:33397/statements from class io.ktor.http.content.TextContent
2026-09-11 17:59:43.620 [eventLoopGroupProxy-4-1 @call-handler#38] TRACE io.ktor.server.routing.Routing - Trace for [statements]
/, segment:0 -> SUCCESS @ /
  /statements, segment:1 -> SUCCESS @ /statements
    /statements [(method:GET)], segment:1 -> FAILURE "Selector didn't match" @ /statements [(method:GET)]
    /statements [(method:POST)], segment:1 -> SUCCESS @ /statements [(method:POST)]
Matched routes:
  "" -> "statements" -> "(method:POST)"
Routing resolve result:
  SUCCESS @ /statements [(method:POST)]
2026-09-11 17:59:43.621 [eventLoopGroupProxy-4-1 @call-handler#38] TRACE i.k.server.engine.DefaultTransform - No Default Transformations found for class io.ktor.utils.io.ByteChannel and expected type TypeInfo(kotlinx.serialization.json.JsonElement) for call /statements
2026-09-11 17:59:43.628 [Test worker @coroutine#7] TRACE io.ktor.client.plugins.SaveBody - Saving body for http://localhost:33397/statements
2026-09-11 17:59:43.628 [Test worker @coroutine#7] TRACE i.k.client.plugins.HttpCallValidator - Validating response for request http://localhost:33397/statements
2026-09-11 17:59:43.628 [Test worker @coroutine#7] TRACE i.k.c.p.DefaultResponseValidation - Skipping default response validation for http://localhost:33397/statements
2026-09-11 17:59:43.628 [Test worker @coroutine#7] TRACE i.k.c.p.c.ContentNegotiation - Response body was converted to class java.util.ArrayList for http://localhost:33397/statements.
2026-09-11 17:59:43.629 [Test worker @coroutine#7] TRACE i.k.c.p.c.ContentNegotiation - Adding Accept=application/json header for http://localhost:33397/statements?statementId=5b7da16a-7276-456a-8213-c971991e373e&related_activities=false&related_agents=false&format=canonical&attachments=false&ascending=false
2026-09-11 17:59:43.629 [Test worker @coroutine#7] TRACE i.k.c.p.c.ContentNegotiation - Body type class io.ktor.client.utils.EmptyContent is in ignored types. Skipping ContentNegotiation for http://localhost:33397/statements?statementId=5b7da16a-7276-456a-8213-c971991e373e&related_activities=false&related_agents=false&format=canonical&attachments=false&ascending=false.
2026-09-11 17:59:43.632 [eventLoopGroupProxy-4-1 @call-handler#43] TRACE io.ktor.server.routing.Routing - Trace for [statements]
/, segment:0 -> SUCCESS @ /
  /statements, segment:1 -> SUCCESS @ /statements
    /statements [(method:GET)], segment:1 -> SUCCESS @ /statements [(method:GET)]
    /statements [(method:POST)], segment:1 -> FAILURE "Selector didn't match" @ /statements [(method:POST)]
Matched routes:
  "" -> "statements" -> "(method:GET)"
Routing resolve result:
  SUCCESS @ /statements [(method:GET)]
2026-09-11 17:59:43.637 [Test worker @coroutine#7] TRACE io.ktor.client.plugins.SaveBody - Saving body for http://localhost:33397/statements?statementId=5b7da16a-7276-456a-8213-c971991e373e&related_activities=false&related_agents=false&format=canonical&attachments=false&ascending=false
2026-09-11 17:59:43.638 [Test worker @coroutine#7] TRACE i.k.client.plugins.HttpCallValidator - Validating response for request http://localhost:33397/statements?statementId=5b7da16a-7276-456a-8213-c971991e373e&related_activities=false&related_agents=false&format=canonical&attachments=false&ascending=false
2026-09-11 17:59:43.638 [Test worker @coroutine#7] TRACE i.k.c.p.DefaultResponseValidation - Skipping default response validation for http://localhost:33397/statements?statementId=5b7da16a-7276-456a-8213-c971991e373e&related_activities=false&related_agents=false&format=canonical&attachments=false&ascending=false
2026-09-11 17:59:43.639 [Test worker @coroutine#7] TRACE i.k.c.p.c.ContentNegotiation - Response body was converted to class world.respect.lib.xapi.model.XapiStatementResult for http://localhost:33397/statements?statementId=5b7da16a-7276-456a-8213-c971991e373e&related_activities=false&related_agents=false&format=canonical&attachments=false&ascending=false.
2026-09-11 17:59:43.641 [Test worker @coroutine#7] TRACE i.k.c.p.c.ContentNegotiation - Adding Accept=application/json header for http://localhost:33397/statements?statementId=5b7da16a-7276-456a-8213-c971991e373e&related_activities=false&related_agents=false&format=exact&attachments=false&ascending=false
2026-09-11 17:59:43.641 [Test worker @coroutine#7] TRACE i.k.c.p.c.ContentNegotiation - Body type class io.ktor.client.utils.EmptyContent is in ignored types. Skipping ContentNegotiation for http://localhost:33397/statements?statementId=5b7da16a-7276-456a-8213-c971991e373e&related_activities=false&related_agents=false&format=exact&attachments=false&ascending=false.
2026-09-11 17:59:43.643 [eventLoopGroupProxy-4-1 @call-handler#46] TRACE io.ktor.server.routing.Routing - Trace for [statements]
/, segment:0 -> SUCCESS @ /
  /statements, segment:1 -> SUCCESS @ /statements
    /statements [(method:GET)], segment:1 -> SUCCESS @ /statements [(method:GET)]
    /statements [(method:POST)], segment:1 -> FAILURE "Selector didn't match" @ /statements [(method:POST)]
Matched routes:
  "" -> "statements" -> "(method:GET)"
Routing resolve result:
  SUCCESS @ /statements [(method:GET)]
2026-09-11 17:59:43.646 [Test worker @coroutine#7] TRACE io.ktor.client.plugins.SaveBody - Saving body for http://localhost:33397/statements?statementId=5b7da16a-7276-456a-8213-c971991e373e&related_activities=false&related_agents=false&format=exact&attachments=false&ascending=false
2026-09-11 17:59:43.646 [Test worker @coroutine#7] TRACE i.k.client.plugins.HttpCallValidator - Validating response for request http://localhost:33397/statements?statementId=5b7da16a-7276-456a-8213-c971991e373e&related_activities=false&related_agents=false&format=exact&attachments=false&ascending=false
2026-09-11 17:59:43.646 [Test worker @coroutine#7] TRACE i.k.c.p.DefaultResponseValidation - Skipping default response validation for http://localhost:33397/statements?statementId=5b7da16a-7276-456a-8213-c971991e373e&related_activities=false&related_agents=false&format=exact&attachments=false&ascending=false
2026-09-11 17:59:43.647 [Test worker @coroutine#7] TRACE i.k.c.p.c.ContentNegotiation - Response body was converted to class world.respect.lib.xapi.model.XapiStatementResult for http://localhost:33397/statements?statementId=5b7da16a-7276-456a-8213-c971991e373e&related_activities=false&related_agents=false&format=exact&attachments=false&ascending=false.
2026-09-11 17:59:43.648 [Test worker @coroutine#7] TRACE i.k.c.p.c.ContentNegotiation - Adding Accept=application/json header for http://localhost:33397/statements?statementId=5b7da16a-7276-456a-8213-c971991e373e&related_activities=false&related_agents=false&format=ids&attachments=false&ascending=false
2026-09-11 17:59:43.648 [Test worker @coroutine#7] TRACE i.k.c.p.c.ContentNegotiation - Body type class io.ktor.client.utils.EmptyContent is in ignored types. Skipping ContentNegotiation for http://localhost:33397/statements?statementId=5b7da16a-7276-456a-8213-c971991e373e&related_activities=false&related_agents=false&format=ids&attachments=false&ascending=false.
2026-09-11 17:59:43.650 [eventLoopGroupProxy-4-1 @call-handler#49] TRACE io.ktor.server.routing.Routing - Trace for [statements]
/, segment:0 -> SUCCESS @ /
  /statements, segment:1 -> SUCCESS @ /statements
    /statements [(method:GET)], segment:1 -> SUCCESS @ /statements [(method:GET)]
    /statements [(method:POST)], segment:1 -> FAILURE "Selector didn't match" @ /statements [(method:POST)]
Matched routes:
  "" -> "statements" -> "(method:GET)"
Routing resolve result:
  SUCCESS @ /statements [(method:GET)]
2026-09-11 17:59:43.653 [Test worker @coroutine#7] TRACE io.ktor.client.plugins.SaveBody - Saving body for http://localhost:33397/statements?statementId=5b7da16a-7276-456a-8213-c971991e373e&related_activities=false&related_agents=false&format=ids&attachments=false&ascending=false
2026-09-11 17:59:43.654 [Test worker @coroutine#7] TRACE i.k.client.plugins.HttpCallValidator - Validating response for request http://localhost:33397/statements?statementId=5b7da16a-7276-456a-8213-c971991e373e&related_activities=false&related_agents=false&format=ids&attachments=false&ascending=false
2026-09-11 17:59:43.654 [Test worker @coroutine#7] TRACE i.k.c.p.DefaultResponseValidation - Skipping default response validation for http://localhost:33397/statements?statementId=5b7da16a-7276-456a-8213-c971991e373e&related_activities=false&related_agents=false&format=ids&attachments=false&ascending=false
2026-09-11 17:59:43.654 [Test worker @coroutine#7] TRACE i.k.c.p.c.ContentNegotiation - Response body was converted to class world.respect.lib.xapi.model.XapiStatementResult for http://localhost:33397/statements?statementId=5b7da16a-7276-456a-8213-c971991e373e&related_activities=false&related_agents=false&format=ids&attachments=false&ascending=false.
2026-09-11 17:59:43.657 [Test worker @coroutine#7] TRACE i.k.c.p.c.ContentNegotiation - Adding Accept=application/json header for http://localhost:33397/statements
2026-09-11 17:59:43.657 [Test worker @coroutine#7] TRACE i.k.c.p.c.ContentNegotiation - Converted request body using io.ktor.serialization.kotlinx.KotlinxSerializationConverter@25be445f for http://localhost:33397/statements
2026-09-11 17:59:43.657 [Test worker @coroutine#7] TRACE i.k.c.plugins.defaultTransformers - Transformed with default transformers request body for http://localhost:33397/statements from class io.ktor.http.content.TextContent
2026-09-11 17:59:43.660 [eventLoopGroupProxy-4-1 @call-handler#52] TRACE io.ktor.server.routing.Routing - Trace for [statements]
/, segment:0 -> SUCCESS @ /
  /statements, segment:1 -> SUCCESS @ /statements
    /statements [(method:GET)], segment:1 -> FAILURE "Selector didn't match" @ /statements [(method:GET)]
    /statements [(method:POST)], segment:1 -> SUCCESS @ /statements [(method:POST)]
Matched routes:
  "" -> "statements" -> "(method:POST)"
Routing resolve result:
  SUCCESS @ /statements [(method:POST)]
2026-09-11 17:59:43.660 [eventLoopGroupProxy-4-1 @call-handler#52] TRACE i.k.server.engine.DefaultTransform - No Default Transformations found for class io.ktor.utils.io.ByteChannel and expected type TypeInfo(kotlinx.serialization.json.JsonElement) for call /statements
2026-09-11 17:59:43.670 [Test worker @coroutine#7] TRACE io.ktor.client.plugins.SaveBody - Saving body for http://localhost:33397/statements
2026-09-11 17:59:43.670 [Test worker @coroutine#7] TRACE i.k.client.plugins.HttpCallValidator - Validating response for request http://localhost:33397/statements
2026-09-11 17:59:43.670 [Test worker @coroutine#7] TRACE i.k.c.p.DefaultResponseValidation - Skipping default response validation for http://localhost:33397/statements
2026-09-11 17:59:43.670 [Test worker @coroutine#7] TRACE i.k.c.p.c.ContentNegotiation - Response body was converted to class java.util.ArrayList for http://localhost:33397/statements.
2026-09-11 17:59:43.671 [Test worker @coroutine#7] TRACE i.k.c.p.c.ContentNegotiation - Adding Accept=application/json header for http://localhost:33397/statements?statementId=02eac479-708a-427f-92d1-b89d28bbecc6&related_activities=false&related_agents=false&format=canonical&attachments=false&ascending=false
2026-09-11 17:59:43.671 [Test worker @coroutine#7] TRACE i.k.c.p.c.ContentNegotiation - Body type class io.ktor.client.utils.EmptyContent is in ignored types. Skipping ContentNegotiation for http://localhost:33397/statements?statementId=02eac479-708a-427f-92d1-b89d28bbecc6&related_activities=false&related_agents=false&format=canonical&attachments=false&ascending=false.
2026-09-11 17:59:43.674 [eventLoopGroupProxy-4-1 @call-handler#57] TRACE io.ktor.server.routing.Routing - Trace for [statements]
/, segment:0 -> SUCCESS @ /
  /statements, segment:1 -> SUCCESS @ /statements
    /statements [(method:GET)], segment:1 -> SUCCESS @ /statements [(method:GET)]
    /statements [(method:POST)], segment:1 -> FAILURE "Selector didn't match" @ /statements [(method:POST)]
Matched routes:
  "" -> "statements" -> "(method:GET)"
Routing resolve result:
  SUCCESS @ /statements [(method:GET)]
2026-09-11 17:59:43.681 [Test worker @coroutine#7] TRACE io.ktor.client.plugins.SaveBody - Saving body for http://localhost:33397/statements?statementId=02eac479-708a-427f-92d1-b89d28bbecc6&related_activities=false&related_agents=false&format=canonical&attachments=false&ascending=false
2026-09-11 17:59:43.681 [Test worker @coroutine#7] TRACE i.k.client.plugins.HttpCallValidator - Validating response for request http://localhost:33397/statements?statementId=02eac479-708a-427f-92d1-b89d28bbecc6&related_activities=false&related_agents=false&format=canonical&attachments=false&ascending=false
2026-09-11 17:59:43.681 [Test worker @coroutine#7] TRACE i.k.c.p.DefaultResponseValidation - Skipping default response validation for http://localhost:33397/statements?statementId=02eac479-708a-427f-92d1-b89d28bbecc6&related_activities=false&related_agents=false&format=canonical&attachments=false&ascending=false
2026-09-11 17:59:43.682 [Test worker @coroutine#7] TRACE i.k.c.p.c.ContentNegotiation - Response body was converted to class world.respect.lib.xapi.model.XapiStatementResult for http://localhost:33397/statements?statementId=02eac479-708a-427f-92d1-b89d28bbecc6&related_activities=false&related_agents=false&format=canonical&attachments=false&ascending=false.
2026-09-11 17:59:43.683 [Test worker @coroutine#7] TRACE i.k.c.p.c.ContentNegotiation - Adding Accept=application/json header for http://localhost:33397/statements?statementId=02eac479-708a-427f-92d1-b89d28bbecc6&related_activities=false&related_agents=false&format=exact&attachments=false&ascending=false
2026-09-11 17:59:43.683 [Test worker @coroutine#7] TRACE i.k.c.p.c.ContentNegotiation - Body type class io.ktor.client.utils.EmptyContent is in ignored types. Skipping ContentNegotiation for http://localhost:33397/statements?statementId=02eac479-708a-427f-92d1-b89d28bbecc6&related_activities=false&related_agents=false&format=exact&attachments=false&ascending=false.
2026-09-11 17:59:43.686 [eventLoopGroupProxy-4-1 @call-handler#60] TRACE io.ktor.server.routing.Routing - Trace for [statements]
/, segment:0 -> SUCCESS @ /
  /statements, segment:1 -> SUCCESS @ /statements
    /statements [(method:GET)], segment:1 -> SUCCESS @ /statements [(method:GET)]
    /statements [(method:POST)], segment:1 -> FAILURE "Selector didn't match" @ /statements [(method:POST)]
Matched routes:
  "" -> "statements" -> "(method:GET)"
Routing resolve result:
  SUCCESS @ /statements [(method:GET)]
2026-09-11 17:59:43.691 [Test worker @coroutine#7] TRACE io.ktor.client.plugins.SaveBody - Saving body for http://localhost:33397/statements?statementId=02eac479-708a-427f-92d1-b89d28bbecc6&related_activities=false&related_agents=false&format=exact&attachments=false&ascending=false
2026-09-11 17:59:43.692 [Test worker @coroutine#7] TRACE i.k.client.plugins.HttpCallValidator - Validating response for request http://localhost:33397/statements?statementId=02eac479-708a-427f-92d1-b89d28bbecc6&related_activities=false&related_agents=false&format=exact&attachments=false&ascending=false
2026-09-11 17:59:43.692 [Test worker @coroutine#7] TRACE i.k.c.p.DefaultResponseValidation - Skipping default response validation for http://localhost:33397/statements?statementId=02eac479-708a-427f-92d1-b89d28bbecc6&related_activities=false&related_agents=false&format=exact&attachments=false&ascending=false
2026-09-11 17:59:43.693 [Test worker @coroutine#7] TRACE i.k.c.p.c.ContentNegotiation - Response body was converted to class world.respect.lib.xapi.model.XapiStatementResult for http://localhost:33397/statements?statementId=02eac479-708a-427f-92d1-b89d28bbecc6&related_activities=false&related_agents=false&format=exact&attachments=false&ascending=false.
2026-09-11 17:59:43.694 [Test worker @coroutine#7] TRACE i.k.c.p.c.ContentNegotiation - Adding Accept=application/json header for http://localhost:33397/statements?statementId=02eac479-708a-427f-92d1-b89d28bbecc6&related_activities=false&related_agents=false&format=ids&attachments=false&ascending=false
2026-09-11 17:59:43.695 [Test worker @coroutine#7] TRACE i.k.c.p.c.ContentNegotiation - Body type class io.ktor.client.utils.EmptyContent is in ignored types. Skipping ContentNegotiation for http://localhost:33397/statements?statementId=02eac479-708a-427f-92d1-b89d28bbecc6&related_activities=false&related_agents=false&format=ids&attachments=false&ascending=false.
2026-09-11 17:59:43.696 [eventLoopGroupProxy-4-1 @call-handler#63] TRACE io.ktor.server.routing.Routing - Trace for [statements]
/, segment:0 -> SUCCESS @ /
  /statements, segment:1 -> SUCCESS @ /statements
    /statements [(method:GET)], segment:1 -> SUCCESS @ /statements [(method:GET)]
    /statements [(method:POST)], segment:1 -> FAILURE "Selector didn't match" @ /statements [(method:POST)]
Matched routes:
  "" -> "statements" -> "(method:GET)"
Routing resolve result:
  SUCCESS @ /statements [(method:GET)]
2026-09-11 17:59:43.699 [Test worker @coroutine#7] TRACE io.ktor.client.plugins.SaveBody - Saving body for http://localhost:33397/statements?statementId=02eac479-708a-427f-92d1-b89d28bbecc6&related_activities=false&related_agents=false&format=ids&attachments=false&ascending=false
2026-09-11 17:59:43.700 [Test worker @coroutine#7] TRACE i.k.client.plugins.HttpCallValidator - Validating response for request http://localhost:33397/statements?statementId=02eac479-708a-427f-92d1-b89d28bbecc6&related_activities=false&related_agents=false&format=ids&attachments=false&ascending=false
2026-09-11 17:59:43.700 [Test worker @coroutine#7] TRACE i.k.c.p.DefaultResponseValidation - Skipping default response validation for http://localhost:33397/statements?statementId=02eac479-708a-427f-92d1-b89d28bbecc6&related_activities=false&related_agents=false&format=ids&attachments=false&ascending=false
2026-09-11 17:59:43.700 [Test worker @coroutine#7] TRACE i.k.c.p.c.ContentNegotiation - Response body was converted to class world.respect.lib.xapi.model.XapiStatementResult for http://localhost:33397/statements?statementId=02eac479-708a-427f-92d1-b89d28bbecc6&related_activities=false&related_agents=false&format=ids&attachments=false&ascending=false.
2026-09-11 17:59:43.701 [Test worker @coroutine#7] TRACE i.k.c.p.c.ContentNegotiation - Adding Accept=application/json header for http://localhost:33397/statements
2026-09-11 17:59:43.702 [Test worker @coroutine#7] TRACE i.k.c.p.c.ContentNegotiation - Converted request body using io.ktor.serialization.kotlinx.KotlinxSerializationConverter@25be445f for http://localhost:33397/statements
2026-09-11 17:59:43.702 [Test worker @coroutine#7] TRACE i.k.c.plugins.defaultTransformers - Transformed with default transformers request body for http://localhost:33397/statements from class io.ktor.http.content.TextContent
2026-09-11 17:59:43.704 [eventLoopGroupProxy-4-1 @call-handler#66] TRACE io.ktor.server.routing.Routing - Trace for [statements]
/, segment:0 -> SUCCESS @ /
  /statements, segment:1 -> SUCCESS @ /statements
    /statements [(method:GET)], segment:1 -> FAILURE "Selector didn't match" @ /statements [(method:GET)]
    /statements [(method:POST)], segment:1 -> SUCCESS @ /statements [(method:POST)]
Matched routes:
  "" -> "statements" -> "(method:POST)"
Routing resolve result:
  SUCCESS @ /statements [(method:POST)]
2026-09-11 17:59:43.704 [eventLoopGroupProxy-4-1 @call-handler#66] TRACE i.k.server.engine.DefaultTransform - No Default Transformations found for class io.ktor.utils.io.ByteChannel and expected type TypeInfo(kotlinx.serialization.json.JsonElement) for call /statements
2026-09-11 17:59:43.713 [Test worker @coroutine#7] TRACE io.ktor.client.plugins.SaveBody - Saving body for http://localhost:33397/statements
2026-09-11 17:59:43.713 [Test worker @coroutine#7] TRACE i.k.client.plugins.HttpCallValidator - Validating response for request http://localhost:33397/statements
2026-09-11 17:59:43.713 [Test worker @coroutine#7] TRACE i.k.c.p.DefaultResponseValidation - Skipping default response validation for http://localhost:33397/statements
2026-09-11 17:59:43.713 [Test worker @coroutine#7] TRACE i.k.c.p.c.ContentNegotiation - Response body was converted to class java.util.ArrayList for http://localhost:33397/statements.
2026-09-11 17:59:43.714 [Test worker @coroutine#7] TRACE i.k.c.p.c.ContentNegotiation - Adding Accept=application/json header for http://localhost:33397/statements?statementId=569256b1-92b9-4345-91a9-28fde31561f0&related_activities=false&related_agents=false&format=canonical&attachments=false&ascending=false
2026-09-11 17:59:43.714 [Test worker @coroutine#7] TRACE i.k.c.p.c.ContentNegotiation - Body type class io.ktor.client.utils.EmptyContent is in ignored types. Skipping ContentNegotiation for http://localhost:33397/statements?statementId=569256b1-92b9-4345-91a9-28fde31561f0&related_activities=false&related_agents=false&format=canonical&attachments=false&ascending=false.
2026-09-11 17:59:43.717 [eventLoopGroupProxy-4-1 @call-handler#71] TRACE io.ktor.server.routing.Routing - Trace for [statements]
/, segment:0 -> SUCCESS @ /
  /statements, segment:1 -> SUCCESS @ /statements
    /statements [(method:GET)], segment:1 -> SUCCESS @ /statements [(method:GET)]
    /statements [(method:POST)], segment:1 -> FAILURE "Selector didn't match" @ /statements [(method:POST)]
Matched routes:
  "" -> "statements" -> "(method:GET)"
Routing resolve result:
  SUCCESS @ /statements [(method:GET)]
2026-09-11 17:59:43.721 [Test worker @coroutine#7] TRACE io.ktor.client.plugins.SaveBody - Saving body for http://localhost:33397/statements?statementId=569256b1-92b9-4345-91a9-28fde31561f0&related_activities=false&related_agents=false&format=canonical&attachments=false&ascending=false
2026-09-11 17:59:43.722 [Test worker @coroutine#7] TRACE i.k.client.plugins.HttpCallValidator - Validating response for request http://localhost:33397/statements?statementId=569256b1-92b9-4345-91a9-28fde31561f0&related_activities=false&related_agents=false&format=canonical&attachments=false&ascending=false
2026-09-11 17:59:43.722 [Test worker @coroutine#7] TRACE i.k.c.p.DefaultResponseValidation - Skipping default response validation for http://localhost:33397/statements?statementId=569256b1-92b9-4345-91a9-28fde31561f0&related_activities=false&related_agents=false&format=canonical&attachments=false&ascending=false
2026-09-11 17:59:43.723 [Test worker @coroutine#7] TRACE i.k.c.p.c.ContentNegotiation - Response body was converted to class world.respect.lib.xapi.model.XapiStatementResult for http://localhost:33397/statements?statementId=569256b1-92b9-4345-91a9-28fde31561f0&related_activities=false&related_agents=false&format=canonical&attachments=false&ascending=false.
2026-09-11 18:10:22.230 [Test worker @coroutine#2] INFO  io.ktor.server.Application - Autoreload is disabled because the development mode is off.
2026-09-11 18:10:22.255 [Test worker @coroutine#2] INFO  io.ktor.server.Application - Application started in 0.032 seconds.
2026-09-11 18:10:22.325 [DefaultDispatcher-worker-1 @coroutine#6] INFO  io.ktor.server.Application - Responding at http://0.0.0.0:32969
2026-09-11 18:10:22.374 [Test worker @coroutine#2] TRACE i.k.c.p.c.ContentNegotiation - Adding Accept=application/json header for http://localhost:32969/statements
2026-09-11 18:10:22.387 [Test worker @coroutine#2] TRACE i.k.c.p.c.ContentNegotiation - Converted request body using io.ktor.serialization.kotlinx.KotlinxSerializationConverter@5d1b1c2a for http://localhost:32969/statements
2026-09-11 18:10:22.387 [Test worker @coroutine#2] TRACE i.k.c.plugins.defaultTransformers - Transformed with default transformers request body for http://localhost:32969/statements from class io.ktor.http.content.TextContent
2026-09-11 18:10:22.625 [eventLoopGroupProxy-4-1 @call-handler#9] TRACE io.ktor.server.routing.Routing - Trace for [statements]
/, segment:0 -> SUCCESS @ /
  /statements, segment:1 -> SUCCESS @ /statements
    /statements [(method:GET)], segment:1 -> FAILURE "Selector didn't match" @ /statements [(method:GET)]
    /statements [(method:POST)], segment:1 -> SUCCESS @ /statements [(method:POST)]
Matched routes:
  "" -> "statements" -> "(method:POST)"
Routing resolve result:
  SUCCESS @ /statements [(method:POST)]
2026-09-11 18:10:22.638 [eventLoopGroupProxy-4-1 @call-handler#9] TRACE i.k.server.engine.DefaultTransform - No Default Transformations found for class io.ktor.utils.io.ByteChannel and expected type TypeInfo(kotlinx.serialization.json.JsonElement) for call /statements
2026-09-11 18:10:22.712 [Test worker @coroutine#2] TRACE io.ktor.client.plugins.SaveBody - Saving body for http://localhost:32969/statements
2026-09-11 18:10:22.713 [Test worker @coroutine#2] TRACE i.k.client.plugins.HttpCallValidator - Validating response for request http://localhost:32969/statements
2026-09-11 18:10:22.713 [Test worker @coroutine#2] TRACE i.k.c.p.DefaultResponseValidation - Skipping default response validation for http://localhost:32969/statements
2026-09-11 18:10:22.715 [Test worker @coroutine#2] TRACE i.k.c.p.c.ContentNegotiation - Response body was converted to class java.util.ArrayList for http://localhost:32969/statements.
2026-09-11 18:10:22.719 [Test worker @coroutine#2] TRACE i.k.c.p.c.ContentNegotiation - Adding Accept=application/json header for http://localhost:32969/statements?statementId=94fe611e-1913-4eb7-8fbb-c7006ccdb813&related_activities=false&related_agents=false&format=canonical&attachments=false&ascending=false
2026-09-11 18:10:22.719 [Test worker @coroutine#2] TRACE i.k.c.p.c.ContentNegotiation - Body type class io.ktor.client.utils.EmptyContent is in ignored types. Skipping ContentNegotiation for http://localhost:32969/statements?statementId=94fe611e-1913-4eb7-8fbb-c7006ccdb813&related_activities=false&related_agents=false&format=canonical&attachments=false&ascending=false.
2026-09-11 18:10:22.724 [eventLoopGroupProxy-4-1 @call-handler#14] TRACE io.ktor.server.routing.Routing - Trace for [statements]
/, segment:0 -> SUCCESS @ /
  /statements, segment:1 -> SUCCESS @ /statements
    /statements [(method:GET)], segment:1 -> SUCCESS @ /statements [(method:GET)]
    /statements [(method:POST)], segment:1 -> FAILURE "Selector didn't match" @ /statements [(method:POST)]
Matched routes:
  "" -> "statements" -> "(method:GET)"
Routing resolve result:
  SUCCESS @ /statements [(method:GET)]
2026-09-11 18:10:22.741 [Test worker @coroutine#2] TRACE io.ktor.client.plugins.SaveBody - Saving body for http://localhost:32969/statements?statementId=94fe611e-1913-4eb7-8fbb-c7006ccdb813&related_activities=false&related_agents=false&format=canonical&attachments=false&ascending=false
2026-09-11 18:10:22.743 [Test worker @coroutine#2] TRACE i.k.client.plugins.HttpCallValidator - Validating response for request http://localhost:32969/statements?statementId=94fe611e-1913-4eb7-8fbb-c7006ccdb813&related_activities=false&related_agents=false&format=canonical&attachments=false&ascending=false
2026-09-11 18:10:22.743 [Test worker @coroutine#2] TRACE i.k.c.p.DefaultResponseValidation - Skipping default response validation for http://localhost:32969/statements?statementId=94fe611e-1913-4eb7-8fbb-c7006ccdb813&related_activities=false&related_agents=false&format=canonical&attachments=false&ascending=false
2026-09-11 18:10:22.745 [Test worker @coroutine#2] TRACE i.k.c.p.c.ContentNegotiation - Response body was converted to class world.respect.lib.xapi.model.XapiStatementResult for http://localhost:32969/statements?statementId=94fe611e-1913-4eb7-8fbb-c7006ccdb813&related_activities=false&related_agents=false&format=canonical&attachments=false&ascending=false.
2026-09-11 18:10:22.751 [Test worker @coroutine#2] TRACE i.k.c.p.c.ContentNegotiation - Adding Accept=application/json header for http://localhost:32969/statements?statementId=94fe611e-1913-4eb7-8fbb-c7006ccdb813&related_activities=false&related_agents=false&format=exact&attachments=false&ascending=false
2026-09-11 18:10:22.751 [Test worker @coroutine#2] TRACE i.k.c.p.c.ContentNegotiation - Body type class io.ktor.client.utils.EmptyContent is in ignored types. Skipping ContentNegotiation for http://localhost:32969/statements?statementId=94fe611e-1913-4eb7-8fbb-c7006ccdb813&related_activities=false&related_agents=false&format=exact&attachments=false&ascending=false.
2026-09-11 18:10:22.754 [eventLoopGroupProxy-4-1 @call-handler#17] TRACE io.ktor.server.routing.Routing - Trace for [statements]
/, segment:0 -> SUCCESS @ /
  /statements, segment:1 -> SUCCESS @ /statements
    /statements [(method:GET)], segment:1 -> SUCCESS @ /statements [(method:GET)]
    /statements [(method:POST)], segment:1 -> FAILURE "Selector didn't match" @ /statements [(method:POST)]
Matched routes:
  "" -> "statements" -> "(method:GET)"
Routing resolve result:
  SUCCESS @ /statements [(method:GET)]
2026-09-11 18:10:22.765 [Test worker @coroutine#2] TRACE io.ktor.client.plugins.SaveBody - Saving body for http://localhost:32969/statements?statementId=94fe611e-1913-4eb7-8fbb-c7006ccdb813&related_activities=false&related_agents=false&format=exact&attachments=false&ascending=false
2026-09-11 18:10:22.766 [Test worker @coroutine#2] TRACE i.k.client.plugins.HttpCallValidator - Validating response for request http://localhost:32969/statements?statementId=94fe611e-1913-4eb7-8fbb-c7006ccdb813&related_activities=false&related_agents=false&format=exact&attachments=false&ascending=false
2026-09-11 18:10:22.767 [Test worker @coroutine#2] TRACE i.k.c.p.DefaultResponseValidation - Skipping default response validation for http://localhost:32969/statements?statementId=94fe611e-1913-4eb7-8fbb-c7006ccdb813&related_activities=false&related_agents=false&format=exact&attachments=false&ascending=false
2026-09-11 18:10:22.768 [Test worker @coroutine#2] TRACE i.k.c.p.c.ContentNegotiation - Response body was converted to class world.respect.lib.xapi.model.XapiStatementResult for http://localhost:32969/statements?statementId=94fe611e-1913-4eb7-8fbb-c7006ccdb813&related_activities=false&related_agents=false&format=exact&attachments=false&ascending=false.
2026-09-11 18:10:22.769 [Test worker @coroutine#2] TRACE i.k.c.p.c.ContentNegotiation - Adding Accept=application/json header for http://localhost:32969/statements?statementId=94fe611e-1913-4eb7-8fbb-c7006ccdb813&related_activities=false&related_agents=false&format=ids&attachments=false&ascending=false
2026-09-11 18:10:22.769 [Test worker @coroutine#2] TRACE i.k.c.p.c.ContentNegotiation - Body type class io.ktor.client.utils.EmptyContent is in ignored types. Skipping ContentNegotiation for http://localhost:32969/statements?statementId=94fe611e-1913-4eb7-8fbb-c7006ccdb813&related_activities=false&related_agents=false&format=ids&attachments=false&ascending=false.
2026-09-11 18:10:22.772 [eventLoopGroupProxy-4-1 @call-handler#20] TRACE io.ktor.server.routing.Routing - Trace for [statements]
/, segment:0 -> SUCCESS @ /
  /statements, segment:1 -> SUCCESS @ /statements
    /statements [(method:GET)], segment:1 -> SUCCESS @ /statements [(method:GET)]
    /statements [(method:POST)], segment:1 -> FAILURE "Selector didn't match" @ /statements [(method:POST)]
Matched routes:
  "" -> "statements" -> "(method:GET)"
Routing resolve result:
  SUCCESS @ /statements [(method:GET)]
2026-09-11 18:10:22.779 [Test worker @coroutine#2] TRACE io.ktor.client.plugins.SaveBody - Saving body for http://localhost:32969/statements?statementId=94fe611e-1913-4eb7-8fbb-c7006ccdb813&related_activities=false&related_agents=false&format=ids&attachments=false&ascending=false
2026-09-11 18:10:22.779 [Test worker @coroutine#2] TRACE i.k.client.plugins.HttpCallValidator - Validating response for request http://localhost:32969/statements?statementId=94fe611e-1913-4eb7-8fbb-c7006ccdb813&related_activities=false&related_agents=false&format=ids&attachments=false&ascending=false
2026-09-11 18:10:22.779 [Test worker @coroutine#2] TRACE i.k.c.p.DefaultResponseValidation - Skipping default response validation for http://localhost:32969/statements?statementId=94fe611e-1913-4eb7-8fbb-c7006ccdb813&related_activities=false&related_agents=false&format=ids&attachments=false&ascending=false
2026-09-11 18:10:22.780 [Test worker @coroutine#2] TRACE i.k.c.p.c.ContentNegotiation - Response body was converted to class world.respect.lib.xapi.model.XapiStatementResult for http://localhost:32969/statements?statementId=94fe611e-1913-4eb7-8fbb-c7006ccdb813&related_activities=false&related_agents=false&format=ids&attachments=false&ascending=false.
2026-09-11 18:10:22.793 [Test worker @coroutine#2] INFO  io.ktor.server.Application - Autoreload is disabled because the development mode is off.
2026-09-11 18:10:22.794 [Test worker @coroutine#2] INFO  io.ktor.server.Application - Application started in 0.001 seconds.
2026-09-11 18:10:22.796 [DefaultDispatcher-worker-2 @coroutine#25] INFO  io.ktor.server.Application - Responding at http://0.0.0.0:40101
2026-09-11 18:10:22.798 [Test worker @coroutine#2] TRACE i.k.c.p.c.ContentNegotiation - Adding Accept=application/json header for http://localhost:40101/statements
2026-09-11 18:10:22.798 [Test worker @coroutine#2] TRACE i.k.c.p.c.ContentNegotiation - Converted request body using io.ktor.serialization.kotlinx.KotlinxSerializationConverter@5d1b1c2a for http://localhost:40101/statements
2026-09-11 18:10:22.798 [Test worker @coroutine#2] TRACE i.k.c.plugins.defaultTransformers - Transformed with default transformers request body for http://localhost:40101/statements from class io.ktor.http.content.TextContent
2026-09-11 18:10:22.804 [eventLoopGroupProxy-7-1 @call-handler#28] TRACE io.ktor.server.routing.Routing - Trace for [statements]
/, segment:0 -> SUCCESS @ /
  /statements, segment:1 -> SUCCESS @ /statements
    /statements [(method:GET)], segment:1 -> FAILURE "Selector didn't match" @ /statements [(method:GET)]
    /statements [(method:POST)], segment:1 -> SUCCESS @ /statements [(method:POST)]
Matched routes:
  "" -> "statements" -> "(method:POST)"
Routing resolve result:
  SUCCESS @ /statements [(method:POST)]
2026-09-11 18:10:22.805 [eventLoopGroupProxy-7-1 @call-handler#28] TRACE i.k.server.engine.DefaultTransform - No Default Transformations found for class io.ktor.utils.io.ByteChannel and expected type TypeInfo(kotlinx.serialization.json.JsonElement) for call /statements
2026-09-11 18:10:22.813 [Test worker @coroutine#2] TRACE io.ktor.client.plugins.SaveBody - Saving body for http://localhost:40101/statements
2026-09-11 18:10:22.814 [Test worker @coroutine#2] TRACE i.k.client.plugins.HttpCallValidator - Validating response for request http://localhost:40101/statements
2026-09-11 18:10:22.814 [Test worker @coroutine#2] TRACE i.k.c.p.DefaultResponseValidation - Skipping default response validation for http://localhost:40101/statements
2026-09-11 18:10:22.815 [Test worker @coroutine#2] TRACE i.k.c.p.c.ContentNegotiation - Response body was converted to class java.util.ArrayList for http://localhost:40101/statements.
2026-09-11 18:10:22.816 [Test worker @coroutine#2] TRACE i.k.c.p.c.ContentNegotiation - Adding Accept=application/json header for http://localhost:40101/statements?statementId=6d3bc1de-d01d-4a4b-9f76-225fae338d71&related_activities=false&related_agents=false&format=canonical&attachments=false&ascending=false
2026-09-11 18:10:22.816 [Test worker @coroutine#2] TRACE i.k.c.p.c.ContentNegotiation - Body type class io.ktor.client.utils.EmptyContent is in ignored types. Skipping ContentNegotiation for http://localhost:40101/statements?statementId=6d3bc1de-d01d-4a4b-9f76-225fae338d71&related_activities=false&related_agents=false&format=canonical&attachments=false&ascending=false.
2026-09-11 18:10:22.818 [eventLoopGroupProxy-7-1 @call-handler#33] TRACE io.ktor.server.routing.Routing - Trace for [statements]
/, segment:0 -> SUCCESS @ /
  /statements, segment:1 -> SUCCESS @ /statements
    /statements [(method:GET)], segment:1 -> SUCCESS @ /statements [(method:GET)]
    /statements [(method:POST)], segment:1 -> FAILURE "Selector didn't match" @ /statements [(method:POST)]
Matched routes:
  "" -> "statements" -> "(method:GET)"
Routing resolve result:
  SUCCESS @ /statements [(method:GET)]
2026-09-11 18:10:22.823 [Test worker @coroutine#2] TRACE io.ktor.client.plugins.SaveBody - Saving body for http://localhost:40101/statements?statementId=6d3bc1de-d01d-4a4b-9f76-225fae338d71&related_activities=false&related_agents=false&format=canonical&attachments=false&ascending=false
2026-09-11 18:10:22.823 [Test worker @coroutine#2] TRACE i.k.client.plugins.HttpCallValidator - Validating response for request http://localhost:40101/statements?statementId=6d3bc1de-d01d-4a4b-9f76-225fae338d71&related_activities=false&related_agents=false&format=canonical&attachments=false&ascending=false
2026-09-11 18:10:22.823 [Test worker @coroutine#2] TRACE i.k.c.p.DefaultResponseValidation - Skipping default response validation for http://localhost:40101/statements?statementId=6d3bc1de-d01d-4a4b-9f76-225fae338d71&related_activities=false&related_agents=false&format=canonical&attachments=false&ascending=false
2026-09-11 18:10:22.824 [Test worker @coroutine#2] TRACE i.k.c.p.c.ContentNegotiation - Response body was converted to class world.respect.lib.xapi.model.XapiStatementResult for http://localhost:40101/statements?statementId=6d3bc1de-d01d-4a4b-9f76-225fae338d71&related_activities=false&related_agents=false&format=canonical&attachments=false&ascending=false.
2026-09-11 18:10:22.826 [Test worker @coroutine#2] TRACE i.k.c.p.c.ContentNegotiation - Adding Accept=application/json header for http://localhost:40101/statements?statementId=6d3bc1de-d01d-4a4b-9f76-225fae338d71&related_activities=false&related_agents=false&format=exact&attachments=false&ascending=false
2026-09-11 18:10:22.826 [Test worker @coroutine#2] TRACE i.k.c.p.c.ContentNegotiation - Body type class io.ktor.client.utils.EmptyContent is in ignored types. Skipping ContentNegotiation for http://localhost:40101/statements?statementId=6d3bc1de-d01d-4a4b-9f76-225fae338d71&related_activities=false&related_agents=false&format=exact&attachments=false&ascending=false.
2026-09-11 18:10:22.829 [eventLoopGroupProxy-7-1 @call-handler#36] TRACE io.ktor.server.routing.Routing - Trace for [statements]
/, segment:0 -> SUCCESS @ /
  /statements, segment:1 -> SUCCESS @ /statements
    /statements [(method:GET)], segment:1 -> SUCCESS @ /statements [(method:GET)]
    /statements [(method:POST)], segment:1 -> FAILURE "Selector didn't match" @ /statements [(method:POST)]
Matched routes:
  "" -> "statements" -> "(method:GET)"
Routing resolve result:
  SUCCESS @ /statements [(method:GET)]
2026-09-11 18:10:22.836 [Test worker @coroutine#2] TRACE io.ktor.client.plugins.SaveBody - Saving body for http://localhost:40101/statements?statementId=6d3bc1de-d01d-4a4b-9f76-225fae338d71&related_activities=false&related_agents=false&format=exact&attachments=false&ascending=false
2026-09-11 18:10:22.836 [Test worker @coroutine#2] TRACE i.k.client.plugins.HttpCallValidator - Validating response for request http://localhost:40101/statements?statementId=6d3bc1de-d01d-4a4b-9f76-225fae338d71&related_activities=false&related_agents=false&format=exact&attachments=false&ascending=false
2026-09-11 18:10:22.836 [Test worker @coroutine#2] TRACE i.k.c.p.DefaultResponseValidation - Skipping default response validation for http://localhost:40101/statements?statementId=6d3bc1de-d01d-4a4b-9f76-225fae338d71&related_activities=false&related_agents=false&format=exact&attachments=false&ascending=false
2026-09-11 18:10:22.837 [Test worker @coroutine#2] TRACE i.k.c.p.c.ContentNegotiation - Response body was converted to class world.respect.lib.xapi.model.XapiStatementResult for http://localhost:40101/statements?statementId=6d3bc1de-d01d-4a4b-9f76-225fae338d71&related_activities=false&related_agents=false&format=exact&attachments=false&ascending=false.
2026-09-11 18:10:22.838 [Test worker @coroutine#2] TRACE i.k.c.p.c.ContentNegotiation - Adding Accept=application/json header for http://localhost:40101/statements?statementId=6d3bc1de-d01d-4a4b-9f76-225fae338d71&related_activities=false&related_agents=false&format=ids&attachments=false&ascending=false
2026-09-11 18:10:22.838 [Test worker @coroutine#2] TRACE i.k.c.p.c.ContentNegotiation - Body type class io.ktor.client.utils.EmptyContent is in ignored types. Skipping ContentNegotiation for http://localhost:40101/statements?statementId=6d3bc1de-d01d-4a4b-9f76-225fae338d71&related_activities=false&related_agents=false&format=ids&attachments=false&ascending=false.
2026-09-11 18:10:22.841 [eventLoopGroupProxy-7-1 @call-handler#39] TRACE io.ktor.server.routing.Routing - Trace for [statements]
/, segment:0 -> SUCCESS @ /
  /statements, segment:1 -> SUCCESS @ /statements
    /statements [(method:GET)], segment:1 -> SUCCESS @ /statements [(method:GET)]
    /statements [(method:POST)], segment:1 -> FAILURE "Selector didn't match" @ /statements [(method:POST)]
Matched routes:
  "" -> "statements" -> "(method:GET)"
Routing resolve result:
  SUCCESS @ /statements [(method:GET)]
2026-09-11 18:10:22.846 [Test worker @coroutine#2] TRACE io.ktor.client.plugins.SaveBody - Saving body for http://localhost:40101/statements?statementId=6d3bc1de-d01d-4a4b-9f76-225fae338d71&related_activities=false&related_agents=false&format=ids&attachments=false&ascending=false
2026-09-11 18:10:22.847 [Test worker @coroutine#2] TRACE i.k.client.plugins.HttpCallValidator - Validating response for request http://localhost:40101/statements?statementId=6d3bc1de-d01d-4a4b-9f76-225fae338d71&related_activities=false&related_agents=false&format=ids&attachments=false&ascending=false
2026-09-11 18:10:22.847 [Test worker @coroutine#2] TRACE i.k.c.p.DefaultResponseValidation - Skipping default response validation for http://localhost:40101/statements?statementId=6d3bc1de-d01d-4a4b-9f76-225fae338d71&related_activities=false&related_agents=false&format=ids&attachments=false&ascending=false
2026-09-11 18:10:22.848 [Test worker @coroutine#2] TRACE i.k.c.p.c.ContentNegotiation - Response body was converted to class world.respect.lib.xapi.model.XapiStatementResult for http://localhost:40101/statements?statementId=6d3bc1de-d01d-4a4b-9f76-225fae338d71&related_activities=false&related_agents=false&format=ids&attachments=false&ascending=false.
2026-09-11 18:10:22.858 [Test worker @coroutine#2] INFO  io.ktor.server.Application - Autoreload is disabled because the development mode is off.
2026-09-11 18:10:22.858 [Test worker @coroutine#2] INFO  io.ktor.server.Application - Application started in 0.0 seconds.
2026-09-11 18:10:22.861 [DefaultDispatcher-worker-2 @coroutine#44] INFO  io.ktor.server.Application - Responding at http://0.0.0.0:35461
2026-09-11 18:10:22.861 [Test worker @coroutine#2] TRACE i.k.c.p.c.ContentNegotiation - Adding Accept=application/json header for http://localhost:35461/statements
2026-09-11 18:10:22.862 [Test worker @coroutine#2] TRACE i.k.c.p.c.ContentNegotiation - Converted request body using io.ktor.serialization.kotlinx.KotlinxSerializationConverter@5d1b1c2a for http://localhost:35461/statements
2026-09-11 18:10:22.862 [Test worker @coroutine#2] TRACE i.k.c.plugins.defaultTransformers - Transformed with default transformers request body for http://localhost:35461/statements from class io.ktor.http.content.TextContent
2026-09-11 18:10:22.865 [eventLoopGroupProxy-10-1 @call-handler#47] TRACE io.ktor.server.routing.Routing - Trace for [statements]
/, segment:0 -> SUCCESS @ /
  /statements, segment:1 -> SUCCESS @ /statements
    /statements [(method:GET)], segment:1 -> FAILURE "Selector didn't match" @ /statements [(method:GET)]
    /statements [(method:POST)], segment:1 -> SUCCESS @ /statements [(method:POST)]
Matched routes:
  "" -> "statements" -> "(method:POST)"
Routing resolve result:
  SUCCESS @ /statements [(method:POST)]
2026-09-11 18:10:22.866 [eventLoopGroupProxy-10-1 @call-handler#47] TRACE i.k.server.engine.DefaultTransform - No Default Transformations found for class io.ktor.utils.io.ByteChannel and expected type TypeInfo(kotlinx.serialization.json.JsonElement) for call /statements
2026-09-11 18:10:22.873 [Test worker @coroutine#2] TRACE io.ktor.client.plugins.SaveBody - Saving body for http://localhost:35461/statements
2026-09-11 18:10:22.874 [Test worker @coroutine#2] TRACE i.k.client.plugins.HttpCallValidator - Validating response for request http://localhost:35461/statements
2026-09-11 18:10:22.874 [Test worker @coroutine#2] TRACE i.k.c.p.DefaultResponseValidation - Skipping default response validation for http://localhost:35461/statements
2026-09-11 18:10:22.874 [Test worker @coroutine#2] TRACE i.k.c.p.c.ContentNegotiation - Response body was converted to class java.util.ArrayList for http://localhost:35461/statements.
2026-09-11 18:10:22.876 [Test worker @coroutine#2] TRACE i.k.c.p.c.ContentNegotiation - Adding Accept=application/json header for http://localhost:35461/statements?statementId=8b032028-a0f6-419b-b310-2ed1b5da7deb&related_activities=false&related_agents=false&format=canonical&attachments=false&ascending=false
2026-09-11 18:10:22.876 [Test worker @coroutine#2] TRACE i.k.c.p.c.ContentNegotiation - Body type class io.ktor.client.utils.EmptyContent is in ignored types. Skipping ContentNegotiation for http://localhost:35461/statements?statementId=8b032028-a0f6-419b-b310-2ed1b5da7deb&related_activities=false&related_agents=false&format=canonical&attachments=false&ascending=false.
2026-09-11 18:10:22.879 [eventLoopGroupProxy-10-1 @call-handler#52] TRACE io.ktor.server.routing.Routing - Trace for [statements]
/, segment:0 -> SUCCESS @ /
  /statements, segment:1 -> SUCCESS @ /statements
    /statements [(method:GET)], segment:1 -> SUCCESS @ /statements [(method:GET)]
    /statements [(method:POST)], segment:1 -> FAILURE "Selector didn't match" @ /statements [(method:POST)]
Matched routes:
  "" -> "statements" -> "(method:GET)"
Routing resolve result:
  SUCCESS @ /statements [(method:GET)]
2026-09-11 18:10:22.884 [Test worker @coroutine#2] TRACE io.ktor.client.plugins.SaveBody - Saving body for http://localhost:35461/statements?statementId=8b032028-a0f6-419b-b310-2ed1b5da7deb&related_activities=false&related_agents=false&format=canonical&attachments=false&ascending=false
2026-09-11 18:10:22.884 [Test worker @coroutine#2] TRACE i.k.client.plugins.HttpCallValidator - Validating response for request http://localhost:35461/statements?statementId=8b032028-a0f6-419b-b310-2ed1b5da7deb&related_activities=false&related_agents=false&format=canonical&attachments=false&ascending=false
2026-09-11 18:10:22.884 [Test worker @coroutine#2] TRACE i.k.c.p.DefaultResponseValidation - Skipping default response validation for http://localhost:35461/statements?statementId=8b032028-a0f6-419b-b310-2ed1b5da7deb&related_activities=false&related_agents=false&format=canonical&attachments=false&ascending=false
2026-09-11 18:10:22.885 [Test worker @coroutine#2] TRACE i.k.c.p.c.ContentNegotiation - Response body was converted to class world.respect.lib.xapi.model.XapiStatementResult for http://localhost:35461/statements?statementId=8b032028-a0f6-419b-b310-2ed1b5da7deb&related_activities=false&related_agents=false&format=canonical&attachments=false&ascending=false.
2026-09-11 18:10:22.886 [Test worker @coroutine#2] TRACE i.k.c.p.c.ContentNegotiation - Adding Accept=application/json header for http://localhost:35461/statements?statementId=8b032028-a0f6-419b-b310-2ed1b5da7deb&related_activities=false&related_agents=false&format=exact&attachments=false&ascending=false
2026-09-11 18:10:22.886 [Test worker @coroutine#2] TRACE i.k.c.p.c.ContentNegotiation - Body type class io.ktor.client.utils.EmptyContent is in ignored types. Skipping ContentNegotiation for http://localhost:35461/statements?statementId=8b032028-a0f6-419b-b310-2ed1b5da7deb&related_activities=false&related_agents=false&format=exact&attachments=false&ascending=false.
2026-09-11 18:10:22.889 [eventLoopGroupProxy-10-1 @call-handler#55] TRACE io.ktor.server.routing.Routing - Trace for [statements]
/, segment:0 -> SUCCESS @ /
  /statements, segment:1 -> SUCCESS @ /statements
    /statements [(method:GET)], segment:1 -> SUCCESS @ /statements [(method:GET)]
    /statements [(method:POST)], segment:1 -> FAILURE "Selector didn't match" @ /statements [(method:POST)]
Matched routes:
  "" -> "statements" -> "(method:GET)"
Routing resolve result:
  SUCCESS @ /statements [(method:GET)]
2026-09-11 18:10:22.891 [Test worker @coroutine#2] TRACE io.ktor.client.plugins.SaveBody - Saving body for http://localhost:35461/statements?statementId=8b032028-a0f6-419b-b310-2ed1b5da7deb&related_activities=false&related_agents=false&format=exact&attachments=false&ascending=false
2026-09-11 18:10:22.892 [Test worker @coroutine#2] TRACE i.k.client.plugins.HttpCallValidator - Validating response for request http://localhost:35461/statements?statementId=8b032028-a0f6-419b-b310-2ed1b5da7deb&related_activities=false&related_agents=false&format=exact&attachments=false&ascending=false
2026-09-11 18:10:22.892 [Test worker @coroutine#2] TRACE i.k.c.p.DefaultResponseValidation - Skipping default response validation for http://localhost:35461/statements?statementId=8b032028-a0f6-419b-b310-2ed1b5da7deb&related_activities=false&related_agents=false&format=exact&attachments=false&ascending=false
2026-09-11 18:10:22.893 [Test worker @coroutine#2] TRACE i.k.c.p.c.ContentNegotiation - Response body was converted to class world.respect.lib.xapi.model.XapiStatementResult for http://localhost:35461/statements?statementId=8b032028-a0f6-419b-b310-2ed1b5da7deb&related_activities=false&related_agents=false&format=exact&attachments=false&ascending=false.
2026-09-11 18:10:22.893 [Test worker @coroutine#2] TRACE i.k.c.p.c.ContentNegotiation - Adding Accept=application/json header for http://localhost:35461/statements?statementId=8b032028-a0f6-419b-b310-2ed1b5da7deb&related_activities=false&related_agents=false&format=ids&attachments=false&ascending=false
2026-09-11 18:10:22.893 [Test worker @coroutine#2] TRACE i.k.c.p.c.ContentNegotiation - Body type class io.ktor.client.utils.EmptyContent is in ignored types. Skipping ContentNegotiation for http://localhost:35461/statements?statementId=8b032028-a0f6-419b-b310-2ed1b5da7deb&related_activities=false&related_agents=false&format=ids&attachments=false&ascending=false.
2026-09-11 18:10:22.896 [eventLoopGroupProxy-10-1 @call-handler#58] TRACE io.ktor.server.routing.Routing - Trace for [statements]
/, segment:0 -> SUCCESS @ /
  /statements, segment:1 -> SUCCESS @ /statements
    /statements [(method:GET)], segment:1 -> SUCCESS @ /statements [(method:GET)]
    /statements [(method:POST)], segment:1 -> FAILURE "Selector didn't match" @ /statements [(method:POST)]
Matched routes:
  "" -> "statements" -> "(method:GET)"
Routing resolve result:
  SUCCESS @ /statements [(method:GET)]
2026-09-11 18:10:22.900 [Test worker @coroutine#2] TRACE io.ktor.client.plugins.SaveBody - Saving body for http://localhost:35461/statements?statementId=8b032028-a0f6-419b-b310-2ed1b5da7deb&related_activities=false&related_agents=false&format=ids&attachments=false&ascending=false
2026-09-11 18:10:22.900 [Test worker @coroutine#2] TRACE i.k.client.plugins.HttpCallValidator - Validating response for request http://localhost:35461/statements?statementId=8b032028-a0f6-419b-b310-2ed1b5da7deb&related_activities=false&related_agents=false&format=ids&attachments=false&ascending=false
2026-09-11 18:10:22.900 [Test worker @coroutine#2] TRACE i.k.c.p.DefaultResponseValidation - Skipping default response validation for http://localhost:35461/statements?statementId=8b032028-a0f6-419b-b310-2ed1b5da7deb&related_activities=false&related_agents=false&format=ids&attachments=false&ascending=false
2026-09-11 18:10:22.901 [Test worker @coroutine#2] TRACE i.k.c.p.c.ContentNegotiation - Response body was converted to class world.respect.lib.xapi.model.XapiStatementResult for http://localhost:35461/statements?statementId=8b032028-a0f6-419b-b310-2ed1b5da7deb&related_activities=false&related_agents=false&format=ids&attachments=false&ascending=false.
2026-09-11 18:10:22.909 [Test worker @coroutine#2] INFO  io.ktor.server.Application - Autoreload is disabled because the development mode is off.
2026-09-11 18:10:22.909 [Test worker @coroutine#2] INFO  io.ktor.server.Application - Application started in 0.0 seconds.
2026-09-11 18:10:22.912 [DefaultDispatcher-worker-2 @coroutine#63] INFO  io.ktor.server.Application - Responding at http://0.0.0.0:37857
2026-09-11 18:10:22.914 [Test worker @coroutine#2] TRACE i.k.c.p.c.ContentNegotiation - Adding Accept=application/json header for http://localhost:37857/statements
2026-09-11 18:10:22.914 [Test worker @coroutine#2] TRACE i.k.c.p.c.ContentNegotiation - Converted request body using io.ktor.serialization.kotlinx.KotlinxSerializationConverter@5d1b1c2a for http://localhost:37857/statements
2026-09-11 18:10:22.914 [Test worker @coroutine#2] TRACE i.k.c.plugins.defaultTransformers - Transformed with default transformers request body for http://localhost:37857/statements from class io.ktor.http.content.TextContent
2026-09-11 18:10:22.921 [eventLoopGroupProxy-13-1 @call-handler#66] TRACE io.ktor.server.routing.Routing - Trace for [statements]
/, segment:0 -> SUCCESS @ /
  /statements, segment:1 -> SUCCESS @ /statements
    /statements [(method:GET)], segment:1 -> FAILURE "Selector didn't match" @ /statements [(method:GET)]
    /statements [(method:POST)], segment:1 -> SUCCESS @ /statements [(method:POST)]
Matched routes:
  "" -> "statements" -> "(method:POST)"
Routing resolve result:
  SUCCESS @ /statements [(method:POST)]
2026-09-11 18:10:22.921 [eventLoopGroupProxy-13-1 @call-handler#66] TRACE i.k.server.engine.DefaultTransform - No Default Transformations found for class io.ktor.utils.io.ByteChannel and expected type TypeInfo(kotlinx.serialization.json.JsonElement) for call /statements
2026-09-11 18:10:22.929 [Test worker @coroutine#2] TRACE io.ktor.client.plugins.SaveBody - Saving body for http://localhost:37857/statements
2026-09-11 18:10:22.930 [Test worker @coroutine#2] TRACE i.k.client.plugins.HttpCallValidator - Validating response for request http://localhost:37857/statements
2026-09-11 18:10:22.930 [Test worker @coroutine#2] TRACE i.k.c.p.DefaultResponseValidation - Skipping default response validation for http://localhost:37857/statements
2026-09-11 18:10:22.930 [Test worker @coroutine#2] TRACE i.k.c.p.c.ContentNegotiation - Response body was converted to class java.util.ArrayList for http://localhost:37857/statements.
2026-09-11 18:10:22.931 [Test worker @coroutine#2] TRACE i.k.c.p.c.ContentNegotiation - Adding Accept=application/json header for http://localhost:37857/statements?statementId=ac7b907e-6547-4b76-9d48-06d8391b569e&related_activities=false&related_agents=false&format=canonical&attachments=false&ascending=false
2026-09-11 18:10:22.931 [Test worker @coroutine#2] TRACE i.k.c.p.c.ContentNegotiation - Body type class io.ktor.client.utils.EmptyContent is in ignored types. Skipping ContentNegotiation for http://localhost:37857/statements?statementId=ac7b907e-6547-4b76-9d48-06d8391b569e&related_activities=false&related_agents=false&format=canonical&attachments=false&ascending=false.
2026-09-11 18:10:22.933 [eventLoopGroupProxy-13-1 @call-handler#71] TRACE io.ktor.server.routing.Routing - Trace for [statements]
/, segment:0 -> SUCCESS @ /
  /statements, segment:1 -> SUCCESS @ /statements
    /statements [(method:GET)], segment:1 -> SUCCESS @ /statements [(method:GET)]
    /statements [(method:POST)], segment:1 -> FAILURE "Selector didn't match" @ /statements [(method:POST)]
Matched routes:
  "" -> "statements" -> "(method:GET)"
Routing resolve result:
  SUCCESS @ /statements [(method:GET)]
2026-09-11 18:10:22.937 [Test worker @coroutine#2] TRACE io.ktor.client.plugins.SaveBody - Saving body for http://localhost:37857/statements?statementId=ac7b907e-6547-4b76-9d48-06d8391b569e&related_activities=false&related_agents=false&format=canonical&attachments=false&ascending=false
2026-09-11 18:10:22.937 [Test worker @coroutine#2] TRACE i.k.client.plugins.HttpCallValidator - Validating response for request http://localhost:37857/statements?statementId=ac7b907e-6547-4b76-9d48-06d8391b569e&related_activities=false&related_agents=false&format=canonical&attachments=false&ascending=false
2026-09-11 18:10:22.937 [Test worker @coroutine#2] TRACE i.k.c.p.DefaultResponseValidation - Skipping default response validation for http://localhost:37857/statements?statementId=ac7b907e-6547-4b76-9d48-06d8391b569e&related_activities=false&related_agents=false&format=canonical&attachments=false&ascending=false
2026-09-11 18:10:22.937 [Test worker @coroutine#2] TRACE i.k.c.p.c.ContentNegotiation - Response body was converted to class world.respect.lib.xapi.model.XapiStatementResult for http://localhost:37857/statements?statementId=ac7b907e-6547-4b76-9d48-06d8391b569e&related_activities=false&related_agents=false&format=canonical&attachments=false&ascending=false.
2026-09-11 18:10:22.938 [Test worker @coroutine#2] TRACE i.k.c.p.c.ContentNegotiation - Adding Accept=application/json header for http://localhost:37857/statements?statementId=ac7b907e-6547-4b76-9d48-06d8391b569e&related_activities=false&related_agents=false&format=exact&attachments=false&ascending=false
2026-09-11 18:10:22.938 [Test worker @coroutine#2] TRACE i.k.c.p.c.ContentNegotiation - Body type class io.ktor.client.utils.EmptyContent is in ignored types. Skipping ContentNegotiation for http://localhost:37857/statements?statementId=ac7b907e-6547-4b76-9d48-06d8391b569e&related_activities=false&related_agents=false&format=exact&attachments=false&ascending=false.
2026-09-11 18:10:22.940 [eventLoopGroupProxy-13-1 @call-handler#74] TRACE io.ktor.server.routing.Routing - Trace for [statements]
/, segment:0 -> SUCCESS @ /
  /statements, segment:1 -> SUCCESS @ /statements
    /statements [(method:GET)], segment:1 -> SUCCESS @ /statements [(method:GET)]
    /statements [(method:POST)], segment:1 -> FAILURE "Selector didn't match" @ /statements [(method:POST)]
Matched routes:
  "" -> "statements" -> "(method:GET)"
Routing resolve result:
  SUCCESS @ /statements [(method:GET)]
2026-09-11 18:10:22.944 [Test worker @coroutine#2] TRACE io.ktor.client.plugins.SaveBody - Saving body for http://localhost:37857/statements?statementId=ac7b907e-6547-4b76-9d48-06d8391b569e&related_activities=false&related_agents=false&format=exact&attachments=false&ascending=false
2026-09-11 18:10:22.944 [Test worker @coroutine#2] TRACE i.k.client.plugins.HttpCallValidator - Validating response for request http://localhost:37857/statements?statementId=ac7b907e-6547-4b76-9d48-06d8391b569e&related_activities=false&related_agents=false&format=exact&attachments=false&ascending=false
2026-09-11 18:10:22.944 [Test worker @coroutine#2] TRACE i.k.c.p.DefaultResponseValidation - Skipping default response validation for http://localhost:37857/statements?statementId=ac7b907e-6547-4b76-9d48-06d8391b569e&related_activities=false&related_agents=false&format=exact&attachments=false&ascending=false
2026-09-11 18:10:22.945 [Test worker @coroutine#2] TRACE i.k.c.p.c.ContentNegotiation - Response body was converted to class world.respect.lib.xapi.model.XapiStatementResult for http://localhost:37857/statements?statementId=ac7b907e-6547-4b76-9d48-06d8391b569e&related_activities=false&related_agents=false&format=exact&attachments=false&ascending=false.
2026-09-11 18:10:22.946 [Test worker @coroutine#2] TRACE i.k.c.p.c.ContentNegotiation - Adding Accept=application/json header for http://localhost:37857/statements?statementId=ac7b907e-6547-4b76-9d48-06d8391b569e&related_activities=false&related_agents=false&format=ids&attachments=false&ascending=false
2026-09-11 18:10:22.946 [Test worker @coroutine#2] TRACE i.k.c.p.c.ContentNegotiation - Body type class io.ktor.client.utils.EmptyContent is in ignored types. Skipping ContentNegotiation for http://localhost:37857/statements?statementId=ac7b907e-6547-4b76-9d48-06d8391b569e&related_activities=false&related_agents=false&format=ids&attachments=false&ascending=false.
2026-09-11 18:10:22.949 [eventLoopGroupProxy-13-1 @call-handler#77] TRACE io.ktor.server.routing.Routing - Trace for [statements]
/, segment:0 -> SUCCESS @ /
  /statements, segment:1 -> SUCCESS @ /statements
    /statements [(method:GET)], segment:1 -> SUCCESS @ /statements [(method:GET)]
    /statements [(method:POST)], segment:1 -> FAILURE "Selector didn't match" @ /statements [(method:POST)]
Matched routes:
  "" -> "statements" -> "(method:GET)"
Routing resolve result:
  SUCCESS @ /statements [(method:GET)]
2026-09-11 18:10:22.953 [Test worker @coroutine#2] TRACE io.ktor.client.plugins.SaveBody - Saving body for http://localhost:37857/statements?statementId=ac7b907e-6547-4b76-9d48-06d8391b569e&related_activities=false&related_agents=false&format=ids&attachments=false&ascending=false
2026-09-11 18:10:22.953 [Test worker @coroutine#2] TRACE i.k.client.plugins.HttpCallValidator - Validating response for request http://localhost:37857/statements?statementId=ac7b907e-6547-4b76-9d48-06d8391b569e&related_activities=false&related_agents=false&format=ids&attachments=false&ascending=false
2026-09-11 18:10:22.953 [Test worker @coroutine#2] TRACE i.k.c.p.DefaultResponseValidation - Skipping default response validation for http://localhost:37857/statements?statementId=ac7b907e-6547-4b76-9d48-06d8391b569e&related_activities=false&related_agents=false&format=ids&attachments=false&ascending=false
2026-09-11 18:10:22.954 [Test worker @coroutine#2] TRACE i.k.c.p.c.ContentNegotiation - Response body was converted to class world.respect.lib.xapi.model.XapiStatementResult for http://localhost:37857/statements?statementId=ac7b907e-6547-4b76-9d48-06d8391b569e&related_activities=false&related_agents=false&format=ids&attachments=false&ascending=false.
2026-09-11 18:10:22.963 [Test worker @coroutine#2] INFO  io.ktor.server.Application - Autoreload is disabled because the development mode is off.
2026-09-11 18:10:22.964 [Test worker @coroutine#2] INFO  io.ktor.server.Application - Application started in 0.001 seconds.
2026-09-11 18:10:22.966 [DefaultDispatcher-worker-4 @coroutine#82] INFO  io.ktor.server.Application - Responding at http://0.0.0.0:34189
2026-09-11 18:10:22.967 [Test worker @coroutine#2] TRACE i.k.c.p.c.ContentNegotiation - Adding Accept=application/json header for http://localhost:34189/statements
2026-09-11 18:10:22.968 [Test worker @coroutine#2] TRACE i.k.c.p.c.ContentNegotiation - Converted request body using io.ktor.serialization.kotlinx.KotlinxSerializationConverter@5d1b1c2a for http://localhost:34189/statements
2026-09-11 18:10:22.968 [Test worker @coroutine#2] TRACE i.k.c.plugins.defaultTransformers - Transformed with default transformers request body for http://localhost:34189/statements from class io.ktor.http.content.TextContent
2026-09-11 18:10:22.973 [eventLoopGroupProxy-16-1 @call-handler#85] TRACE io.ktor.server.routing.Routing - Trace for [statements]
/, segment:0 -> SUCCESS @ /
  /statements, segment:1 -> SUCCESS @ /statements
    /statements [(method:GET)], segment:1 -> FAILURE "Selector didn't match" @ /statements [(method:GET)]
    /statements [(method:POST)], segment:1 -> SUCCESS @ /statements [(method:POST)]
Matched routes:
  "" -> "statements" -> "(method:POST)"
Routing resolve result:
  SUCCESS @ /statements [(method:POST)]
2026-09-11 18:10:22.973 [eventLoopGroupProxy-16-1 @call-handler#85] TRACE i.k.server.engine.DefaultTransform - No Default Transformations found for class io.ktor.utils.io.ByteChannel and expected type TypeInfo(kotlinx.serialization.json.JsonElement) for call /statements
2026-09-11 18:10:22.981 [Test worker @coroutine#2] TRACE io.ktor.client.plugins.SaveBody - Saving body for http://localhost:34189/statements
2026-09-11 18:10:22.981 [Test worker @coroutine#2] TRACE i.k.client.plugins.HttpCallValidator - Validating response for request http://localhost:34189/statements
2026-09-11 18:10:22.981 [Test worker @coroutine#2] TRACE i.k.c.p.DefaultResponseValidation - Skipping default response validation for http://localhost:34189/statements
2026-09-11 18:10:22.981 [Test worker @coroutine#2] TRACE i.k.c.p.c.ContentNegotiation - Response body was converted to class java.util.ArrayList for http://localhost:34189/statements.
2026-09-11 18:10:22.983 [Test worker @coroutine#2] TRACE i.k.c.p.c.ContentNegotiation - Adding Accept=application/json header for http://localhost:34189/statements?statementId=c112bfca-9d4e-4c95-aa52-be706e4ee2a7&related_activities=false&related_agents=false&format=canonical&attachments=false&ascending=false
2026-09-11 18:10:22.983 [Test worker @coroutine#2] TRACE i.k.c.p.c.ContentNegotiation - Body type class io.ktor.client.utils.EmptyContent is in ignored types. Skipping ContentNegotiation for http://localhost:34189/statements?statementId=c112bfca-9d4e-4c95-aa52-be706e4ee2a7&related_activities=false&related_agents=false&format=canonical&attachments=false&ascending=false.
2026-09-11 18:10:22.985 [eventLoopGroupProxy-16-1 @call-handler#90] TRACE io.ktor.server.routing.Routing - Trace for [statements]
/, segment:0 -> SUCCESS @ /
  /statements, segment:1 -> SUCCESS @ /statements
    /statements [(method:GET)], segment:1 -> SUCCESS @ /statements [(method:GET)]
    /statements [(method:POST)], segment:1 -> FAILURE "Selector didn't match" @ /statements [(method:POST)]
Matched routes:
  "" -> "statements" -> "(method:GET)"
Routing resolve result:
  SUCCESS @ /statements [(method:GET)]
2026-09-11 18:10:22.991 [Test worker @coroutine#2] TRACE io.ktor.client.plugins.SaveBody - Saving body for http://localhost:34189/statements?statementId=c112bfca-9d4e-4c95-aa52-be706e4ee2a7&related_activities=false&related_agents=false&format=canonical&attachments=false&ascending=false
2026-09-11 18:10:22.991 [Test worker @coroutine#2] TRACE i.k.client.plugins.HttpCallValidator - Validating response for request http://localhost:34189/statements?statementId=c112bfca-9d4e-4c95-aa52-be706e4ee2a7&related_activities=false&related_agents=false&format=canonical&attachments=false&ascending=false
2026-09-11 18:10:22.991 [Test worker @coroutine#2] TRACE i.k.c.p.DefaultResponseValidation - Skipping default response validation for http://localhost:34189/statements?statementId=c112bfca-9d4e-4c95-aa52-be706e4ee2a7&related_activities=false&related_agents=false&format=canonical&attachments=false&ascending=false
2026-09-11 18:10:22.992 [Test worker @coroutine#2] TRACE i.k.c.p.c.ContentNegotiation - Response body was converted to class world.respect.lib.xapi.model.XapiStatementResult for http://localhost:34189/statements?statementId=c112bfca-9d4e-4c95-aa52-be706e4ee2a7&related_activities=false&related_agents=false&format=canonical&attachments=false&ascending=false.
2026-09-11 18:10:22.993 [Test worker @coroutine#2] TRACE i.k.c.p.c.ContentNegotiation - Adding Accept=application/json header for http://localhost:34189/statements?statementId=c112bfca-9d4e-4c95-aa52-be706e4ee2a7&related_activities=false&related_agents=false&format=exact&attachments=false&ascending=false
2026-09-11 18:10:22.993 [Test worker @coroutine#2] TRACE i.k.c.p.c.ContentNegotiation - Body type class io.ktor.client.utils.EmptyContent is in ignored types. Skipping ContentNegotiation for http://localhost:34189/statements?statementId=c112bfca-9d4e-4c95-aa52-be706e4ee2a7&related_activities=false&related_agents=false&format=exact&attachments=false&ascending=false.
2026-09-11 18:10:22.996 [eventLoopGroupProxy-16-1 @call-handler#93] TRACE io.ktor.server.routing.Routing - Trace for [statements]
/, segment:0 -> SUCCESS @ /
  /statements, segment:1 -> SUCCESS @ /statements
    /statements [(method:GET)], segment:1 -> SUCCESS @ /statements [(method:GET)]
    /statements [(method:POST)], segment:1 -> FAILURE "Selector didn't match" @ /statements [(method:POST)]
Matched routes:
  "" -> "statements" -> "(method:GET)"
Routing resolve result:
  SUCCESS @ /statements [(method:GET)]
2026-09-11 18:10:23.000 [Test worker @coroutine#2] TRACE io.ktor.client.plugins.SaveBody - Saving body for http://localhost:34189/statements?statementId=c112bfca-9d4e-4c95-aa52-be706e4ee2a7&related_activities=false&related_agents=false&format=exact&attachments=false&ascending=false
2026-09-11 18:10:23.000 [Test worker @coroutine#2] TRACE i.k.client.plugins.HttpCallValidator - Validating response for request http://localhost:34189/statements?statementId=c112bfca-9d4e-4c95-aa52-be706e4ee2a7&related_activities=false&related_agents=false&format=exact&attachments=false&ascending=false
2026-09-11 18:10:23.000 [Test worker @coroutine#2] TRACE i.k.c.p.DefaultResponseValidation - Skipping default response validation for http://localhost:34189/statements?statementId=c112bfca-9d4e-4c95-aa52-be706e4ee2a7&related_activities=false&related_agents=false&format=exact&attachments=false&ascending=false
2026-09-11 18:10:23.001 [Test worker @coroutine#2] TRACE i.k.c.p.c.ContentNegotiation - Response body was converted to class world.respect.lib.xapi.model.XapiStatementResult for http://localhost:34189/statements?statementId=c112bfca-9d4e-4c95-aa52-be706e4ee2a7&related_activities=false&related_agents=false&format=exact&attachments=false&ascending=false.
2026-09-11 18:10:23.002 [Test worker @coroutine#2] TRACE i.k.c.p.c.ContentNegotiation - Adding Accept=application/json header for http://localhost:34189/statements?statementId=c112bfca-9d4e-4c95-aa52-be706e4ee2a7&related_activities=false&related_agents=false&format=ids&attachments=false&ascending=false
2026-09-11 18:10:23.003 [Test worker @coroutine#2] TRACE i.k.c.p.c.ContentNegotiation - Body type class io.ktor.client.utils.EmptyContent is in ignored types. Skipping ContentNegotiation for http://localhost:34189/statements?statementId=c112bfca-9d4e-4c95-aa52-be706e4ee2a7&related_activities=false&related_agents=false&format=ids&attachments=false&ascending=false.
2026-09-11 18:10:23.005 [eventLoopGroupProxy-16-1 @call-handler#96] TRACE io.ktor.server.routing.Routing - Trace for [statements]
/, segment:0 -> SUCCESS @ /
  /statements, segment:1 -> SUCCESS @ /statements
    /statements [(method:GET)], segment:1 -> SUCCESS @ /statements [(method:GET)]
    /statements [(method:POST)], segment:1 -> FAILURE "Selector didn't match" @ /statements [(method:POST)]
Matched routes:
  "" -> "statements" -> "(method:GET)"
Routing resolve result:
  SUCCESS @ /statements [(method:GET)]
2026-09-11 18:10:23.010 [Test worker @coroutine#2] TRACE io.ktor.client.plugins.SaveBody - Saving body for http://localhost:34189/statements?statementId=c112bfca-9d4e-4c95-aa52-be706e4ee2a7&related_activities=false&related_agents=false&format=ids&attachments=false&ascending=false
2026-09-11 18:10:23.010 [Test worker @coroutine#2] TRACE i.k.client.plugins.HttpCallValidator - Validating response for request http://localhost:34189/statements?statementId=c112bfca-9d4e-4c95-aa52-be706e4ee2a7&related_activities=false&related_agents=false&format=ids&attachments=false&ascending=false
2026-09-11 18:10:23.010 [Test worker @coroutine#2] TRACE i.k.c.p.DefaultResponseValidation - Skipping default response validation for http://localhost:34189/statements?statementId=c112bfca-9d4e-4c95-aa52-be706e4ee2a7&related_activities=false&related_agents=false&format=ids&attachments=false&ascending=false
2026-09-11 18:10:23.011 [Test worker @coroutine#2] TRACE i.k.c.p.c.ContentNegotiation - Response body was converted to class world.respect.lib.xapi.model.XapiStatementResult for http://localhost:34189/statements?statementId=c112bfca-9d4e-4c95-aa52-be706e4ee2a7&related_activities=false&related_agents=false&format=ids&attachments=false&ascending=false.
2026-09-11 18:10:23.022 [Test worker @coroutine#2] INFO  io.ktor.server.Application - Autoreload is disabled because the development mode is off.
2026-09-11 18:10:23.022 [Test worker @coroutine#2] INFO  io.ktor.server.Application - Application started in 0.0 seconds.
2026-09-11 18:10:23.024 [DefaultDispatcher-worker-1 @coroutine#101] INFO  io.ktor.server.Application - Responding at http://0.0.0.0:36795
2026-09-11 18:10:23.024 [Test worker @coroutine#2] TRACE i.k.c.p.c.ContentNegotiation - Adding Accept=application/json header for http://localhost:36795/statements
2026-09-11 18:10:23.025 [Test worker @coroutine#2] TRACE i.k.c.p.c.ContentNegotiation - Converted request body using io.ktor.serialization.kotlinx.KotlinxSerializationConverter@5d1b1c2a for http://localhost:36795/statements
2026-09-11 18:10:23.025 [Test worker @coroutine#2] TRACE i.k.c.plugins.defaultTransformers - Transformed with default transformers request body for http://localhost:36795/statements from class io.ktor.http.content.TextContent
2026-09-11 18:10:23.029 [eventLoopGroupProxy-19-1 @call-handler#104] TRACE io.ktor.server.routing.Routing - Trace for [statements]
/, segment:0 -> SUCCESS @ /
  /statements, segment:1 -> SUCCESS @ /statements
    /statements [(method:GET)], segment:1 -> FAILURE "Selector didn't match" @ /statements [(method:GET)]
    /statements [(method:POST)], segment:1 -> SUCCESS @ /statements [(method:POST)]
Matched routes:
  "" -> "statements" -> "(method:POST)"
Routing resolve result:
  SUCCESS @ /statements [(method:POST)]
2026-09-11 18:10:23.030 [eventLoopGroupProxy-19-1 @call-handler#104] TRACE i.k.server.engine.DefaultTransform - No Default Transformations found for class io.ktor.utils.io.ByteChannel and expected type TypeInfo(kotlinx.serialization.json.JsonElement) for call /statements
2026-09-11 18:10:23.035 [Test worker @coroutine#2] TRACE io.ktor.client.plugins.SaveBody - Saving body for http://localhost:36795/statements
2026-09-11 18:10:23.035 [Test worker @coroutine#2] TRACE i.k.client.plugins.HttpCallValidator - Validating response for request http://localhost:36795/statements
2026-09-11 18:10:23.035 [Test worker @coroutine#2] TRACE i.k.c.p.DefaultResponseValidation - Skipping default response validation for http://localhost:36795/statements
2026-09-11 18:10:23.036 [Test worker @coroutine#2] TRACE i.k.c.p.c.ContentNegotiation - Response body was converted to class java.util.ArrayList for http://localhost:36795/statements.
2026-09-11 18:10:23.036 [Test worker @coroutine#2] TRACE i.k.c.p.c.ContentNegotiation - Adding Accept=application/json header for http://localhost:36795/statements?statementId=a566bc75-9ffc-453f-a935-85716202b839&related_activities=false&related_agents=false&format=canonical&attachments=false&ascending=false
2026-09-11 18:10:23.036 [Test worker @coroutine#2] TRACE i.k.c.p.c.ContentNegotiation - Body type class io.ktor.client.utils.EmptyContent is in ignored types. Skipping ContentNegotiation for http://localhost:36795/statements?statementId=a566bc75-9ffc-453f-a935-85716202b839&related_activities=false&related_agents=false&format=canonical&attachments=false&ascending=false.
2026-09-11 18:10:23.039 [eventLoopGroupProxy-19-1 @call-handler#109] TRACE io.ktor.server.routing.Routing - Trace for [statements]
/, segment:0 -> SUCCESS @ /
  /statements, segment:1 -> SUCCESS @ /statements
    /statements [(method:GET)], segment:1 -> SUCCESS @ /statements [(method:GET)]
    /statements [(method:POST)], segment:1 -> FAILURE "Selector didn't match" @ /statements [(method:POST)]
Matched routes:
  "" -> "statements" -> "(method:GET)"
Routing resolve result:
  SUCCESS @ /statements [(method:GET)]
2026-09-11 18:10:23.044 [Test worker @coroutine#2] TRACE io.ktor.client.plugins.SaveBody - Saving body for http://localhost:36795/statements?statementId=a566bc75-9ffc-453f-a935-85716202b839&related_activities=false&related_agents=false&format=canonical&attachments=false&ascending=false
2026-09-11 18:10:23.045 [Test worker @coroutine#2] TRACE i.k.client.plugins.HttpCallValidator - Validating response for request http://localhost:36795/statements?statementId=a566bc75-9ffc-453f-a935-85716202b839&related_activities=false&related_agents=false&format=canonical&attachments=false&ascending=false
2026-09-11 18:10:23.045 [Test worker @coroutine#2] TRACE i.k.c.p.DefaultResponseValidation - Skipping default response validation for http://localhost:36795/statements?statementId=a566bc75-9ffc-453f-a935-85716202b839&related_activities=false&related_agents=false&format=canonical&attachments=false&ascending=false
2026-09-11 18:10:23.045 [Test worker @coroutine#2] TRACE i.k.c.p.c.ContentNegotiation - Response body was converted to class world.respect.lib.xapi.model.XapiStatementResult for http://localhost:36795/statements?statementId=a566bc75-9ffc-453f-a935-85716202b839&related_activities=false&related_agents=false&format=canonical&attachments=false&ascending=false.
2026-09-11 18:10:23.046 [Test worker @coroutine#2] TRACE i.k.c.p.c.ContentNegotiation - Adding Accept=application/json header for http://localhost:36795/statements?statementId=a566bc75-9ffc-453f-a935-85716202b839&related_activities=false&related_agents=false&format=exact&attachments=false&ascending=false
2026-09-11 18:10:23.046 [Test worker @coroutine#2] TRACE i.k.c.p.c.ContentNegotiation - Body type class io.ktor.client.utils.EmptyContent is in ignored types. Skipping ContentNegotiation for http://localhost:36795/statements?statementId=a566bc75-9ffc-453f-a935-85716202b839&related_activities=false&related_agents=false&format=exact&attachments=false&ascending=false.
2026-09-11 18:10:23.047 [eventLoopGroupProxy-19-1 @call-handler#112] TRACE io.ktor.server.routing.Routing - Trace for [statements]
/, segment:0 -> SUCCESS @ /
  /statements, segment:1 -> SUCCESS @ /statements
    /statements [(method:GET)], segment:1 -> SUCCESS @ /statements [(method:GET)]
    /statements [(method:POST)], segment:1 -> FAILURE "Selector didn't match" @ /statements [(method:POST)]
Matched routes:
  "" -> "statements" -> "(method:GET)"
Routing resolve result:
  SUCCESS @ /statements [(method:GET)]
2026-09-11 18:10:23.051 [Test worker @coroutine#2] TRACE io.ktor.client.plugins.SaveBody - Saving body for http://localhost:36795/statements?statementId=a566bc75-9ffc-453f-a935-85716202b839&related_activities=false&related_agents=false&format=exact&attachments=false&ascending=false
2026-09-11 18:10:23.052 [Test worker @coroutine#2] TRACE i.k.client.plugins.HttpCallValidator - Validating response for request http://localhost:36795/statements?statementId=a566bc75-9ffc-453f-a935-85716202b839&related_activities=false&related_agents=false&format=exact&attachments=false&ascending=false
2026-09-11 18:10:23.052 [Test worker @coroutine#2] TRACE i.k.c.p.DefaultResponseValidation - Skipping default response validation for http://localhost:36795/statements?statementId=a566bc75-9ffc-453f-a935-85716202b839&related_activities=false&related_agents=false&format=exact&attachments=false&ascending=false
2026-09-11 18:10:23.052 [Test worker @coroutine#2] TRACE i.k.c.p.c.ContentNegotiation - Response body was converted to class world.respect.lib.xapi.model.XapiStatementResult for http://localhost:36795/statements?statementId=a566bc75-9ffc-453f-a935-85716202b839&related_activities=false&related_agents=false&format=exact&attachments=false&ascending=false.
2026-09-11 18:10:23.054 [Test worker @coroutine#2] TRACE i.k.c.p.c.ContentNegotiation - Adding Accept=application/json header for http://localhost:36795/statements?statementId=a566bc75-9ffc-453f-a935-85716202b839&related_activities=false&related_agents=false&format=ids&attachments=false&ascending=false
2026-09-11 18:10:23.054 [Test worker @coroutine#2] TRACE i.k.c.p.c.ContentNegotiation - Body type class io.ktor.client.utils.EmptyContent is in ignored types. Skipping ContentNegotiation for http://localhost:36795/statements?statementId=a566bc75-9ffc-453f-a935-85716202b839&related_activities=false&related_agents=false&format=ids&attachments=false&ascending=false.
2026-09-11 18:10:23.056 [eventLoopGroupProxy-19-1 @call-handler#115] TRACE io.ktor.server.routing.Routing - Trace for [statements]
/, segment:0 -> SUCCESS @ /
  /statements, segment:1 -> SUCCESS @ /statements
    /statements [(method:GET)], segment:1 -> SUCCESS @ /statements [(method:GET)]
    /statements [(method:POST)], segment:1 -> FAILURE "Selector didn't match" @ /statements [(method:POST)]
Matched routes:
  "" -> "statements" -> "(method:GET)"
Routing resolve result:
  SUCCESS @ /statements [(method:GET)]
2026-09-11 18:10:23.059 [Test worker @coroutine#2] TRACE io.ktor.client.plugins.SaveBody - Saving body for http://localhost:36795/statements?statementId=a566bc75-9ffc-453f-a935-85716202b839&related_activities=false&related_agents=false&format=ids&attachments=false&ascending=false
2026-09-11 18:10:23.059 [Test worker @coroutine#2] TRACE i.k.client.plugins.HttpCallValidator - Validating response for request http://localhost:36795/statements?statementId=a566bc75-9ffc-453f-a935-85716202b839&related_activities=false&related_agents=false&format=ids&attachments=false&ascending=false
2026-09-11 18:10:23.059 [Test worker @coroutine#2] TRACE i.k.c.p.DefaultResponseValidation - Skipping default response validation for http://localhost:36795/statements?statementId=a566bc75-9ffc-453f-a935-85716202b839&related_activities=false&related_agents=false&format=ids&attachments=false&ascending=false
2026-09-11 18:10:23.060 [Test worker @coroutine#2] TRACE i.k.c.p.c.ContentNegotiation - Response body was converted to class world.respect.lib.xapi.model.XapiStatementResult for http://localhost:36795/statements?statementId=a566bc75-9ffc-453f-a935-85716202b839&related_activities=false&related_agents=false&format=ids&attachments=false&ascending=false.
2026-09-11 18:10:23.067 [Test worker @coroutine#2] INFO  io.ktor.server.Application - Autoreload is disabled because the development mode is off.
2026-09-11 18:10:23.068 [Test worker @coroutine#2] INFO  io.ktor.server.Application - Application started in 0.001 seconds.
2026-09-11 18:10:23.071 [DefaultDispatcher-worker-5 @coroutine#120] INFO  io.ktor.server.Application - Responding at http://0.0.0.0:44323
2026-09-11 18:10:23.071 [Test worker @coroutine#2] TRACE i.k.c.p.c.ContentNegotiation - Adding Accept=application/json header for http://localhost:44323/statements
2026-09-11 18:10:23.072 [Test worker @coroutine#2] TRACE i.k.c.p.c.ContentNegotiation - Converted request body using io.ktor.serialization.kotlinx.KotlinxSerializationConverter@5d1b1c2a for http://localhost:44323/statements
2026-09-11 18:10:23.073 [Test worker @coroutine#2] TRACE i.k.c.plugins.defaultTransformers - Transformed with default transformers request body for http://localhost:44323/statements from class io.ktor.http.content.TextContent
2026-09-11 18:10:23.078 [eventLoopGroupProxy-22-1 @call-handler#123] TRACE io.ktor.server.routing.Routing - Trace for [statements]
/, segment:0 -> SUCCESS @ /
  /statements, segment:1 -> SUCCESS @ /statements
    /statements [(method:GET)], segment:1 -> FAILURE "Selector didn't match" @ /statements [(method:GET)]
    /statements [(method:POST)], segment:1 -> SUCCESS @ /statements [(method:POST)]
Matched routes:
  "" -> "statements" -> "(method:POST)"
Routing resolve result:
  SUCCESS @ /statements [(method:POST)]
2026-09-11 18:10:23.080 [eventLoopGroupProxy-22-1 @call-handler#123] TRACE i.k.server.engine.DefaultTransform - No Default Transformations found for class io.ktor.utils.io.ByteChannel and expected type TypeInfo(kotlinx.serialization.json.JsonElement) for call /statements
2026-09-11 18:10:23.085 [Test worker @coroutine#2] TRACE io.ktor.client.plugins.SaveBody - Saving body for http://localhost:44323/statements
2026-09-11 18:10:23.086 [Test worker @coroutine#2] TRACE i.k.client.plugins.HttpCallValidator - Validating response for request http://localhost:44323/statements
2026-09-11 18:10:23.086 [Test worker @coroutine#2] TRACE i.k.c.p.DefaultResponseValidation - Skipping default response validation for http://localhost:44323/statements
2026-09-11 18:10:23.086 [Test worker @coroutine#2] TRACE i.k.c.p.c.ContentNegotiation - Response body was converted to class java.util.ArrayList for http://localhost:44323/statements.
2026-09-11 18:10:23.087 [Test worker @coroutine#2] TRACE i.k.c.p.c.ContentNegotiation - Adding Accept=application/json header for http://localhost:44323/statements?statementId=4d063967-96a0-4693-86e2-b1be4017a153&related_activities=false&related_agents=false&format=canonical&attachments=false&ascending=false
2026-09-11 18:10:23.087 [Test worker @coroutine#2] TRACE i.k.c.p.c.ContentNegotiation - Body type class io.ktor.client.utils.EmptyContent is in ignored types. Skipping ContentNegotiation for http://localhost:44323/statements?statementId=4d063967-96a0-4693-86e2-b1be4017a153&related_activities=false&related_agents=false&format=canonical&attachments=false&ascending=false.
2026-09-11 18:10:23.089 [eventLoopGroupProxy-22-1 @call-handler#128] TRACE io.ktor.server.routing.Routing - Trace for [statements]
/, segment:0 -> SUCCESS @ /
  /statements, segment:1 -> SUCCESS @ /statements
    /statements [(method:GET)], segment:1 -> SUCCESS @ /statements [(method:GET)]
    /statements [(method:POST)], segment:1 -> FAILURE "Selector didn't match" @ /statements [(method:POST)]
Matched routes:
  "" -> "statements" -> "(method:GET)"
Routing resolve result:
  SUCCESS @ /statements [(method:GET)]
2026-09-11 18:10:23.093 [Test worker @coroutine#2] TRACE io.ktor.client.plugins.SaveBody - Saving body for http://localhost:44323/statements?statementId=4d063967-96a0-4693-86e2-b1be4017a153&related_activities=false&related_agents=false&format=canonical&attachments=false&ascending=false
2026-09-11 18:10:23.093 [Test worker @coroutine#2] TRACE i.k.client.plugins.HttpCallValidator - Validating response for request http://localhost:44323/statements?statementId=4d063967-96a0-4693-86e2-b1be4017a153&related_activities=false&related_agents=false&format=canonical&attachments=false&ascending=false
2026-09-11 18:10:23.093 [Test worker @coroutine#2] TRACE i.k.c.p.DefaultResponseValidation - Skipping default response validation for http://localhost:44323/statements?statementId=4d063967-96a0-4693-86e2-b1be4017a153&related_activities=false&related_agents=false&format=canonical&attachments=false&ascending=false
2026-09-11 18:10:23.094 [Test worker @coroutine#2] TRACE i.k.c.p.c.ContentNegotiation - Response body was converted to class world.respect.lib.xapi.model.XapiStatementResult for http://localhost:44323/statements?statementId=4d063967-96a0-4693-86e2-b1be4017a153&related_activities=false&related_agents=false&format=canonical&attachments=false&ascending=false.
2026-09-11 18:10:23.094 [Test worker @coroutine#2] TRACE i.k.c.p.c.ContentNegotiation - Adding Accept=application/json header for http://localhost:44323/statements?statementId=4d063967-96a0-4693-86e2-b1be4017a153&related_activities=false&related_agents=false&format=exact&attachments=false&ascending=false
2026-09-11 18:10:23.094 [Test worker @coroutine#2] TRACE i.k.c.p.c.ContentNegotiation - Body type class io.ktor.client.utils.EmptyContent is in ignored types. Skipping ContentNegotiation for http://localhost:44323/statements?statementId=4d063967-96a0-4693-86e2-b1be4017a153&related_activities=false&related_agents=false&format=exact&attachments=false&ascending=false.
2026-09-11 18:10:23.099 [eventLoopGroupProxy-22-1 @call-handler#131] TRACE io.ktor.server.routing.Routing - Trace for [statements]
/, segment:0 -> SUCCESS @ /
  /statements, segment:1 -> SUCCESS @ /statements
    /statements [(method:GET)], segment:1 -> SUCCESS @ /statements [(method:GET)]
    /statements [(method:POST)], segment:1 -> FAILURE "Selector didn't match" @ /statements [(method:POST)]
Matched routes:
  "" -> "statements" -> "(method:GET)"
Routing resolve result:
  SUCCESS @ /statements [(method:GET)]
2026-09-11 18:10:23.102 [Test worker @coroutine#2] TRACE io.ktor.client.plugins.SaveBody - Saving body for http://localhost:44323/statements?statementId=4d063967-96a0-4693-86e2-b1be4017a153&related_activities=false&related_agents=false&format=exact&attachments=false&ascending=false
2026-09-11 18:10:23.102 [Test worker @coroutine#2] TRACE i.k.client.plugins.HttpCallValidator - Validating response for request http://localhost:44323/statements?statementId=4d063967-96a0-4693-86e2-b1be4017a153&related_activities=false&related_agents=false&format=exact&attachments=false&ascending=false
2026-09-11 18:10:23.102 [Test worker @coroutine#2] TRACE i.k.c.p.DefaultResponseValidation - Skipping default response validation for http://localhost:44323/statements?statementId=4d063967-96a0-4693-86e2-b1be4017a153&related_activities=false&related_agents=false&format=exact&attachments=false&ascending=false
2026-09-11 18:10:23.103 [Test worker @coroutine#2] TRACE i.k.c.p.c.ContentNegotiation - Response body was converted to class world.respect.lib.xapi.model.XapiStatementResult for http://localhost:44323/statements?statementId=4d063967-96a0-4693-86e2-b1be4017a153&related_activities=false&related_agents=false&format=exact&attachments=false&ascending=false.
2026-09-11 18:10:23.104 [Test worker @coroutine#2] TRACE i.k.c.p.c.ContentNegotiation - Adding Accept=application/json header for http://localhost:44323/statements?statementId=4d063967-96a0-4693-86e2-b1be4017a153&related_activities=false&related_agents=false&format=ids&attachments=false&ascending=false
2026-09-11 18:10:23.104 [Test worker @coroutine#2] TRACE i.k.c.p.c.ContentNegotiation - Body type class io.ktor.client.utils.EmptyContent is in ignored types. Skipping ContentNegotiation for http://localhost:44323/statements?statementId=4d063967-96a0-4693-86e2-b1be4017a153&related_activities=false&related_agents=false&format=ids&attachments=false&ascending=false.
2026-09-11 18:10:23.106 [eventLoopGroupProxy-22-1 @call-handler#134] TRACE io.ktor.server.routing.Routing - Trace for [statements]
/, segment:0 -> SUCCESS @ /
  /statements, segment:1 -> SUCCESS @ /statements
    /statements [(method:GET)], segment:1 -> SUCCESS @ /statements [(method:GET)]
    /statements [(method:POST)], segment:1 -> FAILURE "Selector didn't match" @ /statements [(method:POST)]
Matched routes:
  "" -> "statements" -> "(method:GET)"
Routing resolve result:
  SUCCESS @ /statements [(method:GET)]
2026-09-11 18:10:23.108 [Test worker @coroutine#2] TRACE io.ktor.client.plugins.SaveBody - Saving body for http://localhost:44323/statements?statementId=4d063967-96a0-4693-86e2-b1be4017a153&related_activities=false&related_agents=false&format=ids&attachments=false&ascending=false
2026-09-11 18:10:23.109 [Test worker @coroutine#2] TRACE i.k.client.plugins.HttpCallValidator - Validating response for request http://localhost:44323/statements?statementId=4d063967-96a0-4693-86e2-b1be4017a153&related_activities=false&related_agents=false&format=ids&attachments=false&ascending=false
2026-09-11 18:10:23.109 [Test worker @coroutine#2] TRACE i.k.c.p.DefaultResponseValidation - Skipping default response validation for http://localhost:44323/statements?statementId=4d063967-96a0-4693-86e2-b1be4017a153&related_activities=false&related_agents=false&format=ids&attachments=false&ascending=false
2026-09-11 18:10:23.110 [Test worker @coroutine#2] TRACE i.k.c.p.c.ContentNegotiation - Response body was converted to class world.respect.lib.xapi.model.XapiStatementResult for http://localhost:44323/statements?statementId=4d063967-96a0-4693-86e2-b1be4017a153&related_activities=false&related_agents=false&format=ids&attachments=false&ascending=false.
2026-09-11 18:10:23.117 [Test worker @coroutine#2] INFO  io.ktor.server.Application - Autoreload is disabled because the development mode is off.
2026-09-11 18:10:23.118 [Test worker @coroutine#2] INFO  io.ktor.server.Application - Application started in 0.001 seconds.
2026-09-11 18:10:23.121 [DefaultDispatcher-worker-1 @coroutine#139] INFO  io.ktor.server.Application - Responding at http://0.0.0.0:34665
2026-09-11 18:10:23.122 [Test worker @coroutine#2] TRACE i.k.c.p.c.ContentNegotiation - Adding Accept=application/json header for http://localhost:34665/statements
2026-09-11 18:10:23.122 [Test worker @coroutine#2] TRACE i.k.c.p.c.ContentNegotiation - Converted request body using io.ktor.serialization.kotlinx.KotlinxSerializationConverter@5d1b1c2a for http://localhost:34665/statements
2026-09-11 18:10:23.122 [Test worker @coroutine#2] TRACE i.k.c.plugins.defaultTransformers - Transformed with default transformers request body for http://localhost:34665/statements from class io.ktor.http.content.TextContent
2026-09-11 18:10:23.126 [eventLoopGroupProxy-25-1 @call-handler#142] TRACE io.ktor.server.routing.Routing - Trace for [statements]
/, segment:0 -> SUCCESS @ /
  /statements, segment:1 -> SUCCESS @ /statements
    /statements [(method:GET)], segment:1 -> FAILURE "Selector didn't match" @ /statements [(method:GET)]
    /statements [(method:POST)], segment:1 -> SUCCESS @ /statements [(method:POST)]
Matched routes:
  "" -> "statements" -> "(method:POST)"
Routing resolve result:
  SUCCESS @ /statements [(method:POST)]
2026-09-11 18:10:23.127 [eventLoopGroupProxy-25-1 @call-handler#142] TRACE i.k.server.engine.DefaultTransform - No Default Transformations found for class io.ktor.utils.io.ByteChannel and expected type TypeInfo(kotlinx.serialization.json.JsonElement) for call /statements
2026-09-11 18:10:23.133 [Test worker @coroutine#2] TRACE io.ktor.client.plugins.SaveBody - Saving body for http://localhost:34665/statements
2026-09-11 18:10:23.133 [Test worker @coroutine#2] TRACE i.k.client.plugins.HttpCallValidator - Validating response for request http://localhost:34665/statements
2026-09-11 18:10:23.133 [Test worker @coroutine#2] TRACE i.k.c.p.DefaultResponseValidation - Skipping default response validation for http://localhost:34665/statements
2026-09-11 18:10:23.134 [Test worker @coroutine#2] TRACE i.k.c.p.c.ContentNegotiation - Response body was converted to class java.util.ArrayList for http://localhost:34665/statements.
2026-09-11 18:10:23.135 [Test worker @coroutine#2] TRACE i.k.c.p.c.ContentNegotiation - Adding Accept=application/json header for http://localhost:34665/statements?statementId=5475d611-d760-4ac1-a066-b18d15649609&related_activities=false&related_agents=false&format=canonical&attachments=false&ascending=false
2026-09-11 18:10:23.135 [Test worker @coroutine#2] TRACE i.k.c.p.c.ContentNegotiation - Body type class io.ktor.client.utils.EmptyContent is in ignored types. Skipping ContentNegotiation for http://localhost:34665/statements?statementId=5475d611-d760-4ac1-a066-b18d15649609&related_activities=false&related_agents=false&format=canonical&attachments=false&ascending=false.
2026-09-11 18:10:23.137 [eventLoopGroupProxy-25-1 @call-handler#147] TRACE io.ktor.server.routing.Routing - Trace for [statements]
/, segment:0 -> SUCCESS @ /
  /statements, segment:1 -> SUCCESS @ /statements
    /statements [(method:GET)], segment:1 -> SUCCESS @ /statements [(method:GET)]
    /statements [(method:POST)], segment:1 -> FAILURE "Selector didn't match" @ /statements [(method:POST)]
Matched routes:
  "" -> "statements" -> "(method:GET)"
Routing resolve result:
  SUCCESS @ /statements [(method:GET)]
2026-09-11 18:10:23.141 [Test worker @coroutine#2] TRACE io.ktor.client.plugins.SaveBody - Saving body for http://localhost:34665/statements?statementId=5475d611-d760-4ac1-a066-b18d15649609&related_activities=false&related_agents=false&format=canonical&attachments=false&ascending=false
2026-09-11 18:10:23.141 [Test worker @coroutine#2] TRACE i.k.client.plugins.HttpCallValidator - Validating response for request http://localhost:34665/statements?statementId=5475d611-d760-4ac1-a066-b18d15649609&related_activities=false&related_agents=false&format=canonical&attachments=false&ascending=false
2026-09-11 18:10:23.141 [Test worker @coroutine#2] TRACE i.k.c.p.DefaultResponseValidation - Skipping default response validation for http://localhost:34665/statements?statementId=5475d611-d760-4ac1-a066-b18d15649609&related_activities=false&related_agents=false&format=canonical&attachments=false&ascending=false
2026-09-11 18:10:23.142 [Test worker @coroutine#2] TRACE i.k.c.p.c.ContentNegotiation - Response body was converted to class world.respect.lib.xapi.model.XapiStatementResult for http://localhost:34665/statements?statementId=5475d611-d760-4ac1-a066-b18d15649609&related_activities=false&related_agents=false&format=canonical&attachments=false&ascending=false.
2026-09-11 18:10:23.142 [Test worker @coroutine#2] TRACE i.k.c.p.c.ContentNegotiation - Adding Accept=application/json header for http://localhost:34665/statements?statementId=5475d611-d760-4ac1-a066-b18d15649609&related_activities=false&related_agents=false&format=exact&attachments=false&ascending=false
2026-09-11 18:10:23.142 [Test worker @coroutine#2] TRACE i.k.c.p.c.ContentNegotiation - Body type class io.ktor.client.utils.EmptyContent is in ignored types. Skipping ContentNegotiation for http://localhost:34665/statements?statementId=5475d611-d760-4ac1-a066-b18d15649609&related_activities=false&related_agents=false&format=exact&attachments=false&ascending=false.
2026-09-11 18:10:23.144 [eventLoopGroupProxy-25-1 @call-handler#150] TRACE io.ktor.server.routing.Routing - Trace for [statements]
/, segment:0 -> SUCCESS @ /
  /statements, segment:1 -> SUCCESS @ /statements
    /statements [(method:GET)], segment:1 -> SUCCESS @ /statements [(method:GET)]
    /statements [(method:POST)], segment:1 -> FAILURE "Selector didn't match" @ /statements [(method:POST)]
Matched routes:
  "" -> "statements" -> "(method:GET)"
Routing resolve result:
  SUCCESS @ /statements [(method:GET)]
2026-09-11 18:10:23.147 [Test worker @coroutine#2] TRACE io.ktor.client.plugins.SaveBody - Saving body for http://localhost:34665/statements?statementId=5475d611-d760-4ac1-a066-b18d15649609&related_activities=false&related_agents=false&format=exact&attachments=false&ascending=false
2026-09-11 18:10:23.147 [Test worker @coroutine#2] TRACE i.k.client.plugins.HttpCallValidator - Validating response for request http://localhost:34665/statements?statementId=5475d611-d760-4ac1-a066-b18d15649609&related_activities=false&related_agents=false&format=exact&attachments=false&ascending=false
2026-09-11 18:10:23.147 [Test worker @coroutine#2] TRACE i.k.c.p.DefaultResponseValidation - Skipping default response validation for http://localhost:34665/statements?statementId=5475d611-d760-4ac1-a066-b18d15649609&related_activities=false&related_agents=false&format=exact&attachments=false&ascending=false
2026-09-11 18:10:23.148 [Test worker @coroutine#2] TRACE i.k.c.p.c.ContentNegotiation - Response body was converted to class world.respect.lib.xapi.model.XapiStatementResult for http://localhost:34665/statements?statementId=5475d611-d760-4ac1-a066-b18d15649609&related_activities=false&related_agents=false&format=exact&attachments=false&ascending=false.
2026-09-11 18:10:23.149 [Test worker @coroutine#2] TRACE i.k.c.p.c.ContentNegotiation - Adding Accept=application/json header for http://localhost:34665/statements?statementId=5475d611-d760-4ac1-a066-b18d15649609&related_activities=false&related_agents=false&format=ids&attachments=false&ascending=false
2026-09-11 18:10:23.150 [Test worker @coroutine#2] TRACE i.k.c.p.c.ContentNegotiation - Body type class io.ktor.client.utils.EmptyContent is in ignored types. Skipping ContentNegotiation for http://localhost:34665/statements?statementId=5475d611-d760-4ac1-a066-b18d15649609&related_activities=false&related_agents=false&format=ids&attachments=false&ascending=false.
2026-09-11 18:10:23.151 [eventLoopGroupProxy-25-1 @call-handler#153] TRACE io.ktor.server.routing.Routing - Trace for [statements]
/, segment:0 -> SUCCESS @ /
  /statements, segment:1 -> SUCCESS @ /statements
    /statements [(method:GET)], segment:1 -> SUCCESS @ /statements [(method:GET)]
    /statements [(method:POST)], segment:1 -> FAILURE "Selector didn't match" @ /statements [(method:POST)]
Matched routes:
  "" -> "statements" -> "(method:GET)"
Routing resolve result:
  SUCCESS @ /statements [(method:GET)]
2026-09-11 18:10:23.155 [Test worker @coroutine#2] TRACE io.ktor.client.plugins.SaveBody - Saving body for http://localhost:34665/statements?statementId=5475d611-d760-4ac1-a066-b18d15649609&related_activities=false&related_agents=false&format=ids&attachments=false&ascending=false
2026-09-11 18:10:23.156 [Test worker @coroutine#2] TRACE i.k.client.plugins.HttpCallValidator - Validating response for request http://localhost:34665/statements?statementId=5475d611-d760-4ac1-a066-b18d15649609&related_activities=false&related_agents=false&format=ids&attachments=false&ascending=false
2026-09-11 18:10:23.156 [Test worker @coroutine#2] TRACE i.k.c.p.DefaultResponseValidation - Skipping default response validation for http://localhost:34665/statements?statementId=5475d611-d760-4ac1-a066-b18d15649609&related_activities=false&related_agents=false&format=ids&attachments=false&ascending=false
2026-09-11 18:10:23.157 [Test worker @coroutine#2] TRACE i.k.c.p.c.ContentNegotiation - Response body was converted to class world.respect.lib.xapi.model.XapiStatementResult for http://localhost:34665/statements?statementId=5475d611-d760-4ac1-a066-b18d15649609&related_activities=false&related_agents=false&format=ids&attachments=false&ascending=false.
2026-09-11 18:10:23.165 [Test worker @coroutine#2] INFO  io.ktor.server.Application - Autoreload is disabled because the development mode is off.
2026-09-11 18:10:23.166 [Test worker @coroutine#2] INFO  io.ktor.server.Application - Application started in 0.001 seconds.
2026-09-11 18:10:23.168 [DefaultDispatcher-worker-5 @coroutine#158] INFO  io.ktor.server.Application - Responding at http://0.0.0.0:38217
2026-09-11 18:10:23.168 [Test worker @coroutine#2] TRACE i.k.c.p.c.ContentNegotiation - Adding Accept=application/json header for http://localhost:38217/statements
2026-09-11 18:10:23.169 [Test worker @coroutine#2] TRACE i.k.c.p.c.ContentNegotiation - Converted request body using io.ktor.serialization.kotlinx.KotlinxSerializationConverter@5d1b1c2a for http://localhost:38217/statements
2026-09-11 18:10:23.169 [Test worker @coroutine#2] TRACE i.k.c.plugins.defaultTransformers - Transformed with default transformers request body for http://localhost:38217/statements from class io.ktor.http.content.TextContent
2026-09-11 18:10:23.173 [eventLoopGroupProxy-28-1 @call-handler#161] TRACE io.ktor.server.routing.Routing - Trace for [statements]
/, segment:0 -> SUCCESS @ /
  /statements, segment:1 -> SUCCESS @ /statements
    /statements [(method:GET)], segment:1 -> FAILURE "Selector didn't match" @ /statements [(method:GET)]
    /statements [(method:POST)], segment:1 -> SUCCESS @ /statements [(method:POST)]
Matched routes:
  "" -> "statements" -> "(method:POST)"
Routing resolve result:
  SUCCESS @ /statements [(method:POST)]
2026-09-11 18:10:23.173 [eventLoopGroupProxy-28-1 @call-handler#161] TRACE i.k.server.engine.DefaultTransform - No Default Transformations found for class io.ktor.utils.io.ByteChannel and expected type TypeInfo(kotlinx.serialization.json.JsonElement) for call /statements
2026-09-11 18:10:23.182 [Test worker @coroutine#2] TRACE io.ktor.client.plugins.SaveBody - Saving body for http://localhost:38217/statements
2026-09-11 18:10:23.182 [Test worker @coroutine#2] TRACE i.k.client.plugins.HttpCallValidator - Validating response for request http://localhost:38217/statements
2026-09-11 18:10:23.182 [Test worker @coroutine#2] TRACE i.k.c.p.DefaultResponseValidation - Skipping default response validation for http://localhost:38217/statements
2026-09-11 18:10:23.183 [Test worker @coroutine#2] TRACE i.k.c.p.c.ContentNegotiation - Response body was converted to class java.util.ArrayList for http://localhost:38217/statements.
2026-09-11 18:10:23.183 [Test worker @coroutine#2] TRACE i.k.c.p.c.ContentNegotiation - Adding Accept=application/json header for http://localhost:38217/statements?statementId=4e553b4e-31ae-43f5-97bf-8bcef50c0217&related_activities=false&related_agents=false&format=canonical&attachments=false&ascending=false
2026-09-11 18:10:23.183 [Test worker @coroutine#2] TRACE i.k.c.p.c.ContentNegotiation - Body type class io.ktor.client.utils.EmptyContent is in ignored types. Skipping ContentNegotiation for http://localhost:38217/statements?statementId=4e553b4e-31ae-43f5-97bf-8bcef50c0217&related_activities=false&related_agents=false&format=canonical&attachments=false&ascending=false.
2026-09-11 18:10:23.186 [eventLoopGroupProxy-28-1 @call-handler#166] TRACE io.ktor.server.routing.Routing - Trace for [statements]
/, segment:0 -> SUCCESS @ /
  /statements, segment:1 -> SUCCESS @ /statements
    /statements [(method:GET)], segment:1 -> SUCCESS @ /statements [(method:GET)]
    /statements [(method:POST)], segment:1 -> FAILURE "Selector didn't match" @ /statements [(method:POST)]
Matched routes:
  "" -> "statements" -> "(method:GET)"
Routing resolve result:
  SUCCESS @ /statements [(method:GET)]
2026-09-11 18:10:23.191 [Test worker @coroutine#2] TRACE io.ktor.client.plugins.SaveBody - Saving body for http://localhost:38217/statements?statementId=4e553b4e-31ae-43f5-97bf-8bcef50c0217&related_activities=false&related_agents=false&format=canonical&attachments=false&ascending=false
2026-09-11 18:10:23.191 [Test worker @coroutine#2] TRACE i.k.client.plugins.HttpCallValidator - Validating response for request http://localhost:38217/statements?statementId=4e553b4e-31ae-43f5-97bf-8bcef50c0217&related_activities=false&related_agents=false&format=canonical&attachments=false&ascending=false
2026-09-11 18:10:23.191 [Test worker @coroutine#2] TRACE i.k.c.p.DefaultResponseValidation - Skipping default response validation for http://localhost:38217/statements?statementId=4e553b4e-31ae-43f5-97bf-8bcef50c0217&related_activities=false&related_agents=false&format=canonical&attachments=false&ascending=false
2026-09-11 18:10:23.192 [Test worker @coroutine#2] TRACE i.k.c.p.c.ContentNegotiation - Response body was converted to class world.respect.lib.xapi.model.XapiStatementResult for http://localhost:38217/statements?statementId=4e553b4e-31ae-43f5-97bf-8bcef50c0217&related_activities=false&related_agents=false&format=canonical&attachments=false&ascending=false.
2026-09-11 18:10:23.192 [Test worker @coroutine#2] TRACE i.k.c.p.c.ContentNegotiation - Adding Accept=application/json header for http://localhost:38217/statements?statementId=4e553b4e-31ae-43f5-97bf-8bcef50c0217&related_activities=false&related_agents=false&format=exact&attachments=false&ascending=false
2026-09-11 18:10:23.192 [Test worker @coroutine#2] TRACE i.k.c.p.c.ContentNegotiation - Body type class io.ktor.client.utils.EmptyContent is in ignored types. Skipping ContentNegotiation for http://localhost:38217/statements?statementId=4e553b4e-31ae-43f5-97bf-8bcef50c0217&related_activities=false&related_agents=false&format=exact&attachments=false&ascending=false.
2026-09-11 18:10:23.194 [eventLoopGroupProxy-28-1 @call-handler#169] TRACE io.ktor.server.routing.Routing - Trace for [statements]
/, segment:0 -> SUCCESS @ /
  /statements, segment:1 -> SUCCESS @ /statements
    /statements [(method:GET)], segment:1 -> SUCCESS @ /statements [(method:GET)]
    /statements [(method:POST)], segment:1 -> FAILURE "Selector didn't match" @ /statements [(method:POST)]
Matched routes:
  "" -> "statements" -> "(method:GET)"
Routing resolve result:
  SUCCESS @ /statements [(method:GET)]
2026-09-11 18:10:23.199 [Test worker @coroutine#2] TRACE io.ktor.client.plugins.SaveBody - Saving body for http://localhost:38217/statements?statementId=4e553b4e-31ae-43f5-97bf-8bcef50c0217&related_activities=false&related_agents=false&format=exact&attachments=false&ascending=false
2026-09-11 18:10:23.199 [Test worker @coroutine#2] TRACE i.k.client.plugins.HttpCallValidator - Validating response for request http://localhost:38217/statements?statementId=4e553b4e-31ae-43f5-97bf-8bcef50c0217&related_activities=false&related_agents=false&format=exact&attachments=false&ascending=false
2026-09-11 18:10:23.199 [Test worker @coroutine#2] TRACE i.k.c.p.DefaultResponseValidation - Skipping default response validation for http://localhost:38217/statements?statementId=4e553b4e-31ae-43f5-97bf-8bcef50c0217&related_activities=false&related_agents=false&format=exact&attachments=false&ascending=false
2026-09-11 18:10:23.200 [Test worker @coroutine#2] TRACE i.k.c.p.c.ContentNegotiation - Response body was converted to class world.respect.lib.xapi.model.XapiStatementResult for http://localhost:38217/statements?statementId=4e553b4e-31ae-43f5-97bf-8bcef50c0217&related_activities=false&related_agents=false&format=exact&attachments=false&ascending=false.
2026-09-11 18:10:23.201 [Test worker @coroutine#2] TRACE i.k.c.p.c.ContentNegotiation - Adding Accept=application/json header for http://localhost:38217/statements?statementId=4e553b4e-31ae-43f5-97bf-8bcef50c0217&related_activities=false&related_agents=false&format=ids&attachments=false&ascending=false
2026-09-11 18:10:23.201 [Test worker @coroutine#2] TRACE i.k.c.p.c.ContentNegotiation - Body type class io.ktor.client.utils.EmptyContent is in ignored types. Skipping ContentNegotiation for http://localhost:38217/statements?statementId=4e553b4e-31ae-43f5-97bf-8bcef50c0217&related_activities=false&related_agents=false&format=ids&attachments=false&ascending=false.
2026-09-11 18:10:23.203 [eventLoopGroupProxy-28-1 @call-handler#172] TRACE io.ktor.server.routing.Routing - Trace for [statements]
/, segment:0 -> SUCCESS @ /
  /statements, segment:1 -> SUCCESS @ /statements
    /statements [(method:GET)], segment:1 -> SUCCESS @ /statements [(method:GET)]
    /statements [(method:POST)], segment:1 -> FAILURE "Selector didn't match" @ /statements [(method:POST)]
Matched routes:
  "" -> "statements" -> "(method:GET)"
Routing resolve result:
  SUCCESS @ /statements [(method:GET)]
2026-09-11 18:10:23.207 [Test worker @coroutine#2] TRACE io.ktor.client.plugins.SaveBody - Saving body for http://localhost:38217/statements?statementId=4e553b4e-31ae-43f5-97bf-8bcef50c0217&related_activities=false&related_agents=false&format=ids&attachments=false&ascending=false
2026-09-11 18:10:23.208 [Test worker @coroutine#2] TRACE i.k.client.plugins.HttpCallValidator - Validating response for request http://localhost:38217/statements?statementId=4e553b4e-31ae-43f5-97bf-8bcef50c0217&related_activities=false&related_agents=false&format=ids&attachments=false&ascending=false
2026-09-11 18:10:23.208 [Test worker @coroutine#2] TRACE i.k.c.p.DefaultResponseValidation - Skipping default response validation for http://localhost:38217/statements?statementId=4e553b4e-31ae-43f5-97bf-8bcef50c0217&related_activities=false&related_agents=false&format=ids&attachments=false&ascending=false
2026-09-11 18:10:23.208 [Test worker @coroutine#2] TRACE i.k.c.p.c.ContentNegotiation - Response body was converted to class world.respect.lib.xapi.model.XapiStatementResult for http://localhost:38217/statements?statementId=4e553b4e-31ae-43f5-97bf-8bcef50c0217&related_activities=false&related_agents=false&format=ids&attachments=false&ascending=false.
2026-09-11 18:10:23.219 [Test worker @coroutine#2] INFO  io.ktor.server.Application - Autoreload is disabled because the development mode is off.
2026-09-11 18:10:23.220 [Test worker @coroutine#2] INFO  io.ktor.server.Application - Application started in 0.001 seconds.
2026-09-11 18:10:23.222 [DefaultDispatcher-worker-5 @coroutine#177] INFO  io.ktor.server.Application - Responding at http://0.0.0.0:41395
2026-09-11 18:10:23.223 [Test worker @coroutine#2] TRACE i.k.c.p.c.ContentNegotiation - Adding Accept=application/json header for http://localhost:41395/statements
2026-09-11 18:10:23.224 [Test worker @coroutine#2] TRACE i.k.c.p.c.ContentNegotiation - Converted request body using io.ktor.serialization.kotlinx.KotlinxSerializationConverter@5d1b1c2a for http://localhost:41395/statements
2026-09-11 18:10:23.224 [Test worker @coroutine#2] TRACE i.k.c.plugins.defaultTransformers - Transformed with default transformers request body for http://localhost:41395/statements from class io.ktor.http.content.TextContent
2026-09-11 18:10:23.229 [eventLoopGroupProxy-31-1 @call-handler#180] TRACE io.ktor.server.routing.Routing - Trace for [statements]
/, segment:0 -> SUCCESS @ /
  /statements, segment:1 -> SUCCESS @ /statements
    /statements [(method:GET)], segment:1 -> FAILURE "Selector didn't match" @ /statements [(method:GET)]
    /statements [(method:POST)], segment:1 -> SUCCESS @ /statements [(method:POST)]
Matched routes:
  "" -> "statements" -> "(method:POST)"
Routing resolve result:
  SUCCESS @ /statements [(method:POST)]
2026-09-11 18:10:23.230 [eventLoopGroupProxy-31-1 @call-handler#180] TRACE i.k.server.engine.DefaultTransform - No Default Transformations found for class io.ktor.utils.io.ByteChannel and expected type TypeInfo(kotlinx.serialization.json.JsonElement) for call /statements
2026-09-11 18:10:23.240 [Test worker @coroutine#2] TRACE io.ktor.client.plugins.SaveBody - Saving body for http://localhost:41395/statements
2026-09-11 18:10:23.240 [Test worker @coroutine#2] TRACE i.k.client.plugins.HttpCallValidator - Validating response for request http://localhost:41395/statements
2026-09-11 18:10:23.240 [Test worker @coroutine#2] TRACE i.k.c.p.DefaultResponseValidation - Skipping default response validation for http://localhost:41395/statements
2026-09-11 18:10:23.240 [Test worker @coroutine#2] TRACE i.k.c.p.c.ContentNegotiation - Response body was converted to class java.util.ArrayList for http://localhost:41395/statements.
2026-09-11 18:10:23.241 [Test worker @coroutine#2] TRACE i.k.c.p.c.ContentNegotiation - Adding Accept=application/json header for http://localhost:41395/statements?statementId=20d4c3dc-63a6-4bd2-8ff1-da129578932b&related_activities=false&related_agents=false&format=canonical&attachments=false&ascending=false
2026-09-11 18:10:23.241 [Test worker @coroutine#2] TRACE i.k.c.p.c.ContentNegotiation - Body type class io.ktor.client.utils.EmptyContent is in ignored types. Skipping ContentNegotiation for http://localhost:41395/statements?statementId=20d4c3dc-63a6-4bd2-8ff1-da129578932b&related_activities=false&related_agents=false&format=canonical&attachments=false&ascending=false.
2026-09-11 18:10:23.244 [eventLoopGroupProxy-31-1 @call-handler#185] TRACE io.ktor.server.routing.Routing - Trace for [statements]
/, segment:0 -> SUCCESS @ /
  /statements, segment:1 -> SUCCESS @ /statements
    /statements [(method:GET)], segment:1 -> SUCCESS @ /statements [(method:GET)]
    /statements [(method:POST)], segment:1 -> FAILURE "Selector didn't match" @ /statements [(method:POST)]
Matched routes:
  "" -> "statements" -> "(method:GET)"
Routing resolve result:
  SUCCESS @ /statements [(method:GET)]
2026-09-11 18:10:23.249 [Test worker @coroutine#2] TRACE io.ktor.client.plugins.SaveBody - Saving body for http://localhost:41395/statements?statementId=20d4c3dc-63a6-4bd2-8ff1-da129578932b&related_activities=false&related_agents=false&format=canonical&attachments=false&ascending=false
2026-09-11 18:10:23.249 [Test worker @coroutine#2] TRACE i.k.client.plugins.HttpCallValidator - Validating response for request http://localhost:41395/statements?statementId=20d4c3dc-63a6-4bd2-8ff1-da129578932b&related_activities=false&related_agents=false&format=canonical&attachments=false&ascending=false
2026-09-11 18:10:23.249 [Test worker @coroutine#2] TRACE i.k.c.p.DefaultResponseValidation - Skipping default response validation for http://localhost:41395/statements?statementId=20d4c3dc-63a6-4bd2-8ff1-da129578932b&related_activities=false&related_agents=false&format=canonical&attachments=false&ascending=false
2026-09-11 18:10:23.250 [Test worker @coroutine#2] TRACE i.k.c.p.c.ContentNegotiation - Response body was converted to class world.respect.lib.xapi.model.XapiStatementResult for http://localhost:41395/statements?statementId=20d4c3dc-63a6-4bd2-8ff1-da129578932b&related_activities=false&related_agents=false&format=canonical&attachments=false&ascending=false.
2026-09-11 18:10:23.250 [Test worker @coroutine#2] TRACE i.k.c.p.c.ContentNegotiation - Adding Accept=application/json header for http://localhost:41395/statements?statementId=20d4c3dc-63a6-4bd2-8ff1-da129578932b&related_activities=false&related_agents=false&format=exact&attachments=false&ascending=false
2026-09-11 18:10:23.250 [Test worker @coroutine#2] TRACE i.k.c.p.c.ContentNegotiation - Body type class io.ktor.client.utils.EmptyContent is in ignored types. Skipping ContentNegotiation for http://localhost:41395/statements?statementId=20d4c3dc-63a6-4bd2-8ff1-da129578932b&related_activities=false&related_agents=false&format=exact&attachments=false&ascending=false.
2026-09-11 18:10:23.252 [eventLoopGroupProxy-31-1 @call-handler#188] TRACE io.ktor.server.routing.Routing - Trace for [statements]
/, segment:0 -> SUCCESS @ /
  /statements, segment:1 -> SUCCESS @ /statements
    /statements [(method:GET)], segment:1 -> SUCCESS @ /statements [(method:GET)]
    /statements [(method:POST)], segment:1 -> FAILURE "Selector didn't match" @ /statements [(method:POST)]
Matched routes:
  "" -> "statements" -> "(method:GET)"
Routing resolve result:
  SUCCESS @ /statements [(method:GET)]
2026-09-11 18:10:23.257 [Test worker @coroutine#2] TRACE io.ktor.client.plugins.SaveBody - Saving body for http://localhost:41395/statements?statementId=20d4c3dc-63a6-4bd2-8ff1-da129578932b&related_activities=false&related_agents=false&format=exact&attachments=false&ascending=false
2026-09-11 18:10:23.257 [Test worker @coroutine#2] TRACE i.k.client.plugins.HttpCallValidator - Validating response for request http://localhost:41395/statements?statementId=20d4c3dc-63a6-4bd2-8ff1-da129578932b&related_activities=false&related_agents=false&format=exact&attachments=false&ascending=false
2026-09-11 18:10:23.257 [Test worker @coroutine#2] TRACE i.k.c.p.DefaultResponseValidation - Skipping default response validation for http://localhost:41395/statements?statementId=20d4c3dc-63a6-4bd2-8ff1-da129578932b&related_activities=false&related_agents=false&format=exact&attachments=false&ascending=false
2026-09-11 18:10:23.258 [Test worker @coroutine#2] TRACE i.k.c.p.c.ContentNegotiation - Response body was converted to class world.respect.lib.xapi.model.XapiStatementResult for http://localhost:41395/statements?statementId=20d4c3dc-63a6-4bd2-8ff1-da129578932b&related_activities=false&related_agents=false&format=exact&attachments=false&ascending=false.
2026-09-11 18:10:23.259 [Test worker @coroutine#2] TRACE i.k.c.p.c.ContentNegotiation - Adding Accept=application/json header for http://localhost:41395/statements?statementId=20d4c3dc-63a6-4bd2-8ff1-da129578932b&related_activities=false&related_agents=false&format=ids&attachments=false&ascending=false
2026-09-11 18:10:23.259 [Test worker @coroutine#2] TRACE i.k.c.p.c.ContentNegotiation - Body type class io.ktor.client.utils.EmptyContent is in ignored types. Skipping ContentNegotiation for http://localhost:41395/statements?statementId=20d4c3dc-63a6-4bd2-8ff1-da129578932b&related_activities=false&related_agents=false&format=ids&attachments=false&ascending=false.
2026-09-11 18:10:23.262 [eventLoopGroupProxy-31-1 @call-handler#191] TRACE io.ktor.server.routing.Routing - Trace for [statements]
/, segment:0 -> SUCCESS @ /
  /statements, segment:1 -> SUCCESS @ /statements
    /statements [(method:GET)], segment:1 -> SUCCESS @ /statements [(method:GET)]
    /statements [(method:POST)], segment:1 -> FAILURE "Selector didn't match" @ /statements [(method:POST)]
Matched routes:
  "" -> "statements" -> "(method:GET)"
Routing resolve result:
  SUCCESS @ /statements [(method:GET)]
2026-09-11 18:10:23.266 [Test worker @coroutine#2] TRACE io.ktor.client.plugins.SaveBody - Saving body for http://localhost:41395/statements?statementId=20d4c3dc-63a6-4bd2-8ff1-da129578932b&related_activities=false&related_agents=false&format=ids&attachments=false&ascending=false
2026-09-11 18:10:23.266 [Test worker @coroutine#2] TRACE i.k.client.plugins.HttpCallValidator - Validating response for request http://localhost:41395/statements?statementId=20d4c3dc-63a6-4bd2-8ff1-da129578932b&related_activities=false&related_agents=false&format=ids&attachments=false&ascending=false
2026-09-11 18:10:23.266 [Test worker @coroutine#2] TRACE i.k.c.p.DefaultResponseValidation - Skipping default response validation for http://localhost:41395/statements?statementId=20d4c3dc-63a6-4bd2-8ff1-da129578932b&related_activities=false&related_agents=false&format=ids&attachments=false&ascending=false
2026-09-11 18:10:23.267 [Test worker @coroutine#2] TRACE i.k.c.p.c.ContentNegotiation - Response body was converted to class world.respect.lib.xapi.model.XapiStatementResult for http://localhost:41395/statements?statementId=20d4c3dc-63a6-4bd2-8ff1-da129578932b&related_activities=false&related_agents=false&format=ids&attachments=false&ascending=false.
2026-09-11 18:10:23.276 [Test worker @coroutine#2] INFO  io.ktor.server.Application - Autoreload is disabled because the development mode is off.
2026-09-11 18:10:23.277 [Test worker @coroutine#2] INFO  io.ktor.server.Application - Application started in 0.001 seconds.
2026-09-11 18:10:23.284 [DefaultDispatcher-worker-4 @coroutine#196] INFO  io.ktor.server.Application - Responding at http://0.0.0.0:41351
2026-09-11 18:10:23.284 [Test worker @coroutine#2] TRACE i.k.c.p.c.ContentNegotiation - Adding Accept=application/json header for http://localhost:41351/statements
2026-09-11 18:10:23.285 [Test worker @coroutine#2] TRACE i.k.c.p.c.ContentNegotiation - Converted request body using io.ktor.serialization.kotlinx.KotlinxSerializationConverter@5d1b1c2a for http://localhost:41351/statements
2026-09-11 18:10:23.285 [Test worker @coroutine#2] TRACE i.k.c.plugins.defaultTransformers - Transformed with default transformers request body for http://localhost:41351/statements from class io.ktor.http.content.TextContent
2026-09-11 18:10:23.288 [eventLoopGroupProxy-34-1 @call-handler#199] TRACE io.ktor.server.routing.Routing - Trace for [statements]
/, segment:0 -> SUCCESS @ /
  /statements, segment:1 -> SUCCESS @ /statements
    /statements [(method:GET)], segment:1 -> FAILURE "Selector didn't match" @ /statements [(method:GET)]
    /statements [(method:POST)], segment:1 -> SUCCESS @ /statements [(method:POST)]
Matched routes:
  "" -> "statements" -> "(method:POST)"
Routing resolve result:
  SUCCESS @ /statements [(method:POST)]
2026-09-11 18:10:23.288 [eventLoopGroupProxy-34-1 @call-handler#199] TRACE i.k.server.engine.DefaultTransform - No Default Transformations found for class io.ktor.utils.io.ByteChannel and expected type TypeInfo(kotlinx.serialization.json.JsonElement) for call /statements
2026-09-11 18:10:23.295 [Test worker @coroutine#2] TRACE io.ktor.client.plugins.SaveBody - Saving body for http://localhost:41351/statements
2026-09-11 18:10:23.295 [Test worker @coroutine#2] TRACE i.k.client.plugins.HttpCallValidator - Validating response for request http://localhost:41351/statements
2026-09-11 18:10:23.295 [Test worker @coroutine#2] TRACE i.k.c.p.DefaultResponseValidation - Skipping default response validation for http://localhost:41351/statements
2026-09-11 18:10:23.296 [Test worker @coroutine#2] TRACE i.k.c.p.c.ContentNegotiation - Response body was converted to class java.util.ArrayList for http://localhost:41351/statements.
2026-09-11 18:10:23.296 [Test worker @coroutine#2] TRACE i.k.c.p.c.ContentNegotiation - Adding Accept=application/json header for http://localhost:41351/statements?statementId=3611a0d2-9604-4d5a-935a-e14c27480c85&related_activities=false&related_agents=false&format=canonical&attachments=false&ascending=false
2026-09-11 18:10:23.296 [Test worker @coroutine#2] TRACE i.k.c.p.c.ContentNegotiation - Body type class io.ktor.client.utils.EmptyContent is in ignored types. Skipping ContentNegotiation for http://localhost:41351/statements?statementId=3611a0d2-9604-4d5a-935a-e14c27480c85&related_activities=false&related_agents=false&format=canonical&attachments=false&ascending=false.
2026-09-11 18:10:23.298 [eventLoopGroupProxy-34-1 @call-handler#204] TRACE io.ktor.server.routing.Routing - Trace for [statements]
/, segment:0 -> SUCCESS @ /
  /statements, segment:1 -> SUCCESS @ /statements
    /statements [(method:GET)], segment:1 -> SUCCESS @ /statements [(method:GET)]
    /statements [(method:POST)], segment:1 -> FAILURE "Selector didn't match" @ /statements [(method:POST)]
Matched routes:
  "" -> "statements" -> "(method:GET)"
Routing resolve result:
  SUCCESS @ /statements [(method:GET)]
2026-09-11 18:10:23.302 [Test worker @coroutine#2] TRACE io.ktor.client.plugins.SaveBody - Saving body for http://localhost:41351/statements?statementId=3611a0d2-9604-4d5a-935a-e14c27480c85&related_activities=false&related_agents=false&format=canonical&attachments=false&ascending=false
2026-09-11 18:10:23.302 [Test worker @coroutine#2] TRACE i.k.client.plugins.HttpCallValidator - Validating response for request http://localhost:41351/statements?statementId=3611a0d2-9604-4d5a-935a-e14c27480c85&related_activities=false&related_agents=false&format=canonical&attachments=false&ascending=false
2026-09-11 18:10:23.302 [Test worker @coroutine#2] TRACE i.k.c.p.DefaultResponseValidation - Skipping default response validation for http://localhost:41351/statements?statementId=3611a0d2-9604-4d5a-935a-e14c27480c85&related_activities=false&related_agents=false&format=canonical&attachments=false&ascending=false
2026-09-11 18:10:23.303 [Test worker @coroutine#2] TRACE i.k.c.p.c.ContentNegotiation - Response body was converted to class world.respect.lib.xapi.model.XapiStatementResult for http://localhost:41351/statements?statementId=3611a0d2-9604-4d5a-935a-e14c27480c85&related_activities=false&related_agents=false&format=canonical&attachments=false&ascending=false.
2026-09-11 18:10:23.303 [Test worker @coroutine#2] TRACE i.k.c.p.c.ContentNegotiation - Adding Accept=application/json header for http://localhost:41351/statements?statementId=3611a0d2-9604-4d5a-935a-e14c27480c85&related_activities=false&related_agents=false&format=exact&attachments=false&ascending=false
2026-09-11 18:10:23.303 [Test worker @coroutine#2] TRACE i.k.c.p.c.ContentNegotiation - Body type class io.ktor.client.utils.EmptyContent is in ignored types. Skipping ContentNegotiation for http://localhost:41351/statements?statementId=3611a0d2-9604-4d5a-935a-e14c27480c85&related_activities=false&related_agents=false&format=exact&attachments=false&ascending=false.
2026-09-11 18:10:23.304 [eventLoopGroupProxy-34-1 @call-handler#207] TRACE io.ktor.server.routing.Routing - Trace for [statements]
/, segment:0 -> SUCCESS @ /
  /statements, segment:1 -> SUCCESS @ /statements
    /statements [(method:GET)], segment:1 -> SUCCESS @ /statements [(method:GET)]
    /statements [(method:POST)], segment:1 -> FAILURE "Selector didn't match" @ /statements [(method:POST)]
Matched routes:
  "" -> "statements" -> "(method:GET)"
Routing resolve result:
  SUCCESS @ /statements [(method:GET)]
2026-09-11 18:10:23.308 [Test worker @coroutine#2] TRACE io.ktor.client.plugins.SaveBody - Saving body for http://localhost:41351/statements?statementId=3611a0d2-9604-4d5a-935a-e14c27480c85&related_activities=false&related_agents=false&format=exact&attachments=false&ascending=false
2026-09-11 18:10:23.308 [Test worker @coroutine#2] TRACE i.k.client.plugins.HttpCallValidator - Validating response for request http://localhost:41351/statements?statementId=3611a0d2-9604-4d5a-935a-e14c27480c85&related_activities=false&related_agents=false&format=exact&attachments=false&ascending=false
2026-09-11 18:10:23.308 [Test worker @coroutine#2] TRACE i.k.c.p.DefaultResponseValidation - Skipping default response validation for http://localhost:41351/statements?statementId=3611a0d2-9604-4d5a-935a-e14c27480c85&related_activities=false&related_agents=false&format=exact&attachments=false&ascending=false
2026-09-11 18:10:23.308 [Test worker @coroutine#2] TRACE i.k.c.p.c.ContentNegotiation - Response body was converted to class world.respect.lib.xapi.model.XapiStatementResult for http://localhost:41351/statements?statementId=3611a0d2-9604-4d5a-935a-e14c27480c85&related_activities=false&related_agents=false&format=exact&attachments=false&ascending=false.
2026-09-11 18:10:23.309 [Test worker @coroutine#2] TRACE i.k.c.p.c.ContentNegotiation - Adding Accept=application/json header for http://localhost:41351/statements?statementId=3611a0d2-9604-4d5a-935a-e14c27480c85&related_activities=false&related_agents=false&format=ids&attachments=false&ascending=false
2026-09-11 18:10:23.309 [Test worker @coroutine#2] TRACE i.k.c.p.c.ContentNegotiation - Body type class io.ktor.client.utils.EmptyContent is in ignored types. Skipping ContentNegotiation for http://localhost:41351/statements?statementId=3611a0d2-9604-4d5a-935a-e14c27480c85&related_activities=false&related_agents=false&format=ids&attachments=false&ascending=false.
2026-09-11 18:10:23.310 [eventLoopGroupProxy-34-1 @call-handler#210] TRACE io.ktor.server.routing.Routing - Trace for [statements]
/, segment:0 -> SUCCESS @ /
  /statements, segment:1 -> SUCCESS @ /statements
    /statements [(method:GET)], segment:1 -> SUCCESS @ /statements [(method:GET)]
    /statements [(method:POST)], segment:1 -> FAILURE "Selector didn't match" @ /statements [(method:POST)]
Matched routes:
  "" -> "statements" -> "(method:GET)"
Routing resolve result:
  SUCCESS @ /statements [(method:GET)]
2026-09-11 18:10:23.312 [Test worker @coroutine#2] TRACE io.ktor.client.plugins.SaveBody - Saving body for http://localhost:41351/statements?statementId=3611a0d2-9604-4d5a-935a-e14c27480c85&related_activities=false&related_agents=false&format=ids&attachments=false&ascending=false
2026-09-11 18:10:23.312 [Test worker @coroutine#2] TRACE i.k.client.plugins.HttpCallValidator - Validating response for request http://localhost:41351/statements?statementId=3611a0d2-9604-4d5a-935a-e14c27480c85&related_activities=false&related_agents=false&format=ids&attachments=false&ascending=false
2026-09-11 18:10:23.312 [Test worker @coroutine#2] TRACE i.k.c.p.DefaultResponseValidation - Skipping default response validation for http://localhost:41351/statements?statementId=3611a0d2-9604-4d5a-935a-e14c27480c85&related_activities=false&related_agents=false&format=ids&attachments=false&ascending=false
2026-09-11 18:10:23.312 [Test worker @coroutine#2] TRACE i.k.c.p.c.ContentNegotiation - Response body was converted to class world.respect.lib.xapi.model.XapiStatementResult for http://localhost:41351/statements?statementId=3611a0d2-9604-4d5a-935a-e14c27480c85&related_activities=false&related_agents=false&format=ids&attachments=false&ascending=false.
2026-09-11 18:10:23.321 [Test worker @coroutine#2] INFO  io.ktor.server.Application - Autoreload is disabled because the development mode is off.
2026-09-11 18:10:23.321 [Test worker @coroutine#2] INFO  io.ktor.server.Application - Application started in 0.0 seconds.
2026-09-11 18:10:23.323 [DefaultDispatcher-worker-1 @coroutine#215] INFO  io.ktor.server.Application - Responding at http://0.0.0.0:35469
2026-09-11 18:10:23.325 [Test worker @coroutine#2] TRACE i.k.c.p.c.ContentNegotiation - Adding Accept=application/json header for http://localhost:35469/statements
2026-09-11 18:10:23.325 [Test worker @coroutine#2] TRACE i.k.c.p.c.ContentNegotiation - Converted request body using io.ktor.serialization.kotlinx.KotlinxSerializationConverter@5d1b1c2a for http://localhost:35469/statements
2026-09-11 18:10:23.325 [Test worker @coroutine#2] TRACE i.k.c.plugins.defaultTransformers - Transformed with default transformers request body for http://localhost:35469/statements from class io.ktor.http.content.TextContent
2026-09-11 18:10:23.328 [eventLoopGroupProxy-37-1 @call-handler#218] TRACE io.ktor.server.routing.Routing - Trace for [statements]
/, segment:0 -> SUCCESS @ /
  /statements, segment:1 -> SUCCESS @ /statements
    /statements [(method:GET)], segment:1 -> FAILURE "Selector didn't match" @ /statements [(method:GET)]
    /statements [(method:POST)], segment:1 -> SUCCESS @ /statements [(method:POST)]
Matched routes:
  "" -> "statements" -> "(method:POST)"
Routing resolve result:
  SUCCESS @ /statements [(method:POST)]
2026-09-11 18:10:23.329 [eventLoopGroupProxy-37-1 @call-handler#218] TRACE i.k.server.engine.DefaultTransform - No Default Transformations found for class io.ktor.utils.io.ByteChannel and expected type TypeInfo(kotlinx.serialization.json.JsonElement) for call /statements
2026-09-11 18:10:23.332 [Test worker @coroutine#2] TRACE io.ktor.client.plugins.SaveBody - Saving body for http://localhost:35469/statements
2026-09-11 18:10:23.332 [Test worker @coroutine#2] TRACE i.k.client.plugins.HttpCallValidator - Validating response for request http://localhost:35469/statements
2026-09-11 18:10:23.332 [Test worker @coroutine#2] TRACE i.k.c.p.DefaultResponseValidation - Skipping default response validation for http://localhost:35469/statements
2026-09-11 18:10:23.332 [Test worker @coroutine#2] TRACE i.k.c.p.c.ContentNegotiation - Response body was converted to class java.util.ArrayList for http://localhost:35469/statements.
2026-09-11 18:10:23.333 [Test worker @coroutine#2] TRACE i.k.c.p.c.ContentNegotiation - Adding Accept=application/json header for http://localhost:35469/statements?statementId=f6673177-a858-4461-b7bb-620c8f5a1018&related_activities=false&related_agents=false&format=canonical&attachments=false&ascending=false
2026-09-11 18:10:23.333 [Test worker @coroutine#2] TRACE i.k.c.p.c.ContentNegotiation - Body type class io.ktor.client.utils.EmptyContent is in ignored types. Skipping ContentNegotiation for http://localhost:35469/statements?statementId=f6673177-a858-4461-b7bb-620c8f5a1018&related_activities=false&related_agents=false&format=canonical&attachments=false&ascending=false.
2026-09-11 18:10:23.334 [eventLoopGroupProxy-37-1 @call-handler#223] TRACE io.ktor.server.routing.Routing - Trace for [statements]
/, segment:0 -> SUCCESS @ /
  /statements, segment:1 -> SUCCESS @ /statements
    /statements [(method:GET)], segment:1 -> SUCCESS @ /statements [(method:GET)]
    /statements [(method:POST)], segment:1 -> FAILURE "Selector didn't match" @ /statements [(method:POST)]
Matched routes:
  "" -> "statements" -> "(method:GET)"
Routing resolve result:
  SUCCESS @ /statements [(method:GET)]
2026-09-11 18:10:23.338 [Test worker @coroutine#2] TRACE io.ktor.client.plugins.SaveBody - Saving body for http://localhost:35469/statements?statementId=f6673177-a858-4461-b7bb-620c8f5a1018&related_activities=false&related_agents=false&format=canonical&attachments=false&ascending=false
2026-09-11 18:10:23.338 [Test worker @coroutine#2] TRACE i.k.client.plugins.HttpCallValidator - Validating response for request http://localhost:35469/statements?statementId=f6673177-a858-4461-b7bb-620c8f5a1018&related_activities=false&related_agents=false&format=canonical&attachments=false&ascending=false
2026-09-11 18:10:23.338 [Test worker @coroutine#2] TRACE i.k.c.p.DefaultResponseValidation - Skipping default response validation for http://localhost:35469/statements?statementId=f6673177-a858-4461-b7bb-620c8f5a1018&related_activities=false&related_agents=false&format=canonical&attachments=false&ascending=false
2026-09-11 18:10:23.338 [Test worker @coroutine#2] TRACE i.k.c.p.c.ContentNegotiation - Response body was converted to class world.respect.lib.xapi.model.XapiStatementResult for http://localhost:35469/statements?statementId=f6673177-a858-4461-b7bb-620c8f5a1018&related_activities=false&related_agents=false&format=canonical&attachments=false&ascending=false.
2026-09-11 18:10:23.339 [Test worker @coroutine#2] TRACE i.k.c.p.c.ContentNegotiation - Adding Accept=application/json header for http://localhost:35469/statements?statementId=f6673177-a858-4461-b7bb-620c8f5a1018&related_activities=false&related_agents=false&format=exact&attachments=false&ascending=false
2026-09-11 18:10:23.339 [Test worker @coroutine#2] TRACE i.k.c.p.c.ContentNegotiation - Body type class io.ktor.client.utils.EmptyContent is in ignored types. Skipping ContentNegotiation for http://localhost:35469/statements?statementId=f6673177-a858-4461-b7bb-620c8f5a1018&related_activities=false&related_agents=false&format=exact&attachments=false&ascending=false.
2026-09-11 18:10:23.341 [eventLoopGroupProxy-37-1 @call-handler#226] TRACE io.ktor.server.routing.Routing - Trace for [statements]
/, segment:0 -> SUCCESS @ /
  /statements, segment:1 -> SUCCESS @ /statements
    /statements [(method:GET)], segment:1 -> SUCCESS @ /statements [(method:GET)]
    /statements [(method:POST)], segment:1 -> FAILURE "Selector didn't match" @ /statements [(method:POST)]
Matched routes:
  "" -> "statements" -> "(method:GET)"
Routing resolve result:
  SUCCESS @ /statements [(method:GET)]
2026-09-11 18:10:23.343 [Test worker @coroutine#2] TRACE io.ktor.client.plugins.SaveBody - Saving body for http://localhost:35469/statements?statementId=f6673177-a858-4461-b7bb-620c8f5a1018&related_activities=false&related_agents=false&format=exact&attachments=false&ascending=false
2026-09-11 18:10:23.344 [Test worker @coroutine#2] TRACE i.k.client.plugins.HttpCallValidator - Validating response for request http://localhost:35469/statements?statementId=f6673177-a858-4461-b7bb-620c8f5a1018&related_activities=false&related_agents=false&format=exact&attachments=false&ascending=false
2026-09-11 18:10:23.344 [Test worker @coroutine#2] TRACE i.k.c.p.DefaultResponseValidation - Skipping default response validation for http://localhost:35469/statements?statementId=f6673177-a858-4461-b7bb-620c8f5a1018&related_activities=false&related_agents=false&format=exact&attachments=false&ascending=false
2026-09-11 18:10:23.344 [Test worker @coroutine#2] TRACE i.k.c.p.c.ContentNegotiation - Response body was converted to class world.respect.lib.xapi.model.XapiStatementResult for http://localhost:35469/statements?statementId=f6673177-a858-4461-b7bb-620c8f5a1018&related_activities=false&related_agents=false&format=exact&attachments=false&ascending=false.
2026-09-11 18:10:23.344 [Test worker @coroutine#2] TRACE i.k.c.p.c.ContentNegotiation - Adding Accept=application/json header for http://localhost:35469/statements?statementId=f6673177-a858-4461-b7bb-620c8f5a1018&related_activities=false&related_agents=false&format=ids&attachments=false&ascending=false
2026-09-11 18:10:23.344 [Test worker @coroutine#2] TRACE i.k.c.p.c.ContentNegotiation - Body type class io.ktor.client.utils.EmptyContent is in ignored types. Skipping ContentNegotiation for http://localhost:35469/statements?statementId=f6673177-a858-4461-b7bb-620c8f5a1018&related_activities=false&related_agents=false&format=ids&attachments=false&ascending=false.
2026-09-11 18:10:23.347 [eventLoopGroupProxy-37-1 @call-handler#229] TRACE io.ktor.server.routing.Routing - Trace for [statements]
/, segment:0 -> SUCCESS @ /
  /statements, segment:1 -> SUCCESS @ /statements
    /statements [(method:GET)], segment:1 -> SUCCESS @ /statements [(method:GET)]
    /statements [(method:POST)], segment:1 -> FAILURE "Selector didn't match" @ /statements [(method:POST)]
Matched routes:
  "" -> "statements" -> "(method:GET)"
Routing resolve result:
  SUCCESS @ /statements [(method:GET)]
2026-09-11 18:10:23.350 [Test worker @coroutine#2] TRACE io.ktor.client.plugins.SaveBody - Saving body for http://localhost:35469/statements?statementId=f6673177-a858-4461-b7bb-620c8f5a1018&related_activities=false&related_agents=false&format=ids&attachments=false&ascending=false
2026-09-11 18:10:23.350 [Test worker @coroutine#2] TRACE i.k.client.plugins.HttpCallValidator - Validating response for request http://localhost:35469/statements?statementId=f6673177-a858-4461-b7bb-620c8f5a1018&related_activities=false&related_agents=false&format=ids&attachments=false&ascending=false
2026-09-11 18:10:23.350 [Test worker @coroutine#2] TRACE i.k.c.p.DefaultResponseValidation - Skipping default response validation for http://localhost:35469/statements?statementId=f6673177-a858-4461-b7bb-620c8f5a1018&related_activities=false&related_agents=false&format=ids&attachments=false&ascending=false
2026-09-11 18:10:23.351 [Test worker @coroutine#2] TRACE i.k.c.p.c.ContentNegotiation - Response body was converted to class world.respect.lib.xapi.model.XapiStatementResult for http://localhost:35469/statements?statementId=f6673177-a858-4461-b7bb-620c8f5a1018&related_activities=false&related_agents=false&format=ids&attachments=false&ascending=false.
2026-09-11 18:10:23.358 [Test worker @coroutine#2] INFO  io.ktor.server.Application - Autoreload is disabled because the development mode is off.
2026-09-11 18:10:23.359 [Test worker @coroutine#2] INFO  io.ktor.server.Application - Application started in 0.001 seconds.
2026-09-11 18:10:23.361 [DefaultDispatcher-worker-5 @coroutine#234] INFO  io.ktor.server.Application - Responding at http://0.0.0.0:42227
2026-09-11 18:10:23.361 [Test worker @coroutine#2] TRACE i.k.c.p.c.ContentNegotiation - Adding Accept=application/json header for http://localhost:42227/statements
2026-09-11 18:10:23.362 [Test worker @coroutine#2] TRACE i.k.c.p.c.ContentNegotiation - Converted request body using io.ktor.serialization.kotlinx.KotlinxSerializationConverter@5d1b1c2a for http://localhost:42227/statements
2026-09-11 18:10:23.362 [Test worker @coroutine#2] TRACE i.k.c.plugins.defaultTransformers - Transformed with default transformers request body for http://localhost:42227/statements from class io.ktor.http.content.TextContent
2026-09-11 18:10:23.365 [eventLoopGroupProxy-40-1 @call-handler#237] TRACE io.ktor.server.routing.Routing - Trace for [statements]
/, segment:0 -> SUCCESS @ /
  /statements, segment:1 -> SUCCESS @ /statements
    /statements [(method:GET)], segment:1 -> FAILURE "Selector didn't match" @ /statements [(method:GET)]
    /statements [(method:POST)], segment:1 -> SUCCESS @ /statements [(method:POST)]
Matched routes:
  "" -> "statements" -> "(method:POST)"
Routing resolve result:
  SUCCESS @ /statements [(method:POST)]
2026-09-11 18:10:23.366 [eventLoopGroupProxy-40-1 @call-handler#237] TRACE i.k.server.engine.DefaultTransform - No Default Transformations found for class io.ktor.utils.io.ByteChannel and expected type TypeInfo(kotlinx.serialization.json.JsonElement) for call /statements
2026-09-11 18:10:23.370 [Test worker @coroutine#2] TRACE io.ktor.client.plugins.SaveBody - Saving body for http://localhost:42227/statements
2026-09-11 18:10:23.370 [Test worker @coroutine#2] TRACE i.k.client.plugins.HttpCallValidator - Validating response for request http://localhost:42227/statements
2026-09-11 18:10:23.370 [Test worker @coroutine#2] TRACE i.k.c.p.DefaultResponseValidation - Skipping default response validation for http://localhost:42227/statements
2026-09-11 18:10:23.371 [Test worker @coroutine#2] TRACE i.k.c.p.c.ContentNegotiation - Response body was converted to class java.util.ArrayList for http://localhost:42227/statements.
2026-09-11 18:10:23.372 [Test worker @coroutine#2] TRACE i.k.c.p.c.ContentNegotiation - Adding Accept=application/json header for http://localhost:42227/statements?statementId=fac4422e-23ce-466c-af91-601505281705&related_activities=false&related_agents=false&format=canonical&attachments=false&ascending=false
2026-09-11 18:10:23.372 [Test worker @coroutine#2] TRACE i.k.c.p.c.ContentNegotiation - Body type class io.ktor.client.utils.EmptyContent is in ignored types. Skipping ContentNegotiation for http://localhost:42227/statements?statementId=fac4422e-23ce-466c-af91-601505281705&related_activities=false&related_agents=false&format=canonical&attachments=false&ascending=false.
2026-09-11 18:10:23.373 [eventLoopGroupProxy-40-1 @call-handler#242] TRACE io.ktor.server.routing.Routing - Trace for [statements]
/, segment:0 -> SUCCESS @ /
  /statements, segment:1 -> SUCCESS @ /statements
    /statements [(method:GET)], segment:1 -> SUCCESS @ /statements [(method:GET)]
    /statements [(method:POST)], segment:1 -> FAILURE "Selector didn't match" @ /statements [(method:POST)]
Matched routes:
  "" -> "statements" -> "(method:GET)"
Routing resolve result:
  SUCCESS @ /statements [(method:GET)]
2026-09-11 18:10:23.380 [Test worker @coroutine#2] TRACE io.ktor.client.plugins.SaveBody - Saving body for http://localhost:42227/statements?statementId=fac4422e-23ce-466c-af91-601505281705&related_activities=false&related_agents=false&format=canonical&attachments=false&ascending=false
2026-09-11 18:10:23.380 [Test worker @coroutine#2] TRACE i.k.client.plugins.HttpCallValidator - Validating response for request http://localhost:42227/statements?statementId=fac4422e-23ce-466c-af91-601505281705&related_activities=false&related_agents=false&format=canonical&attachments=false&ascending=false
2026-09-11 18:10:23.380 [Test worker @coroutine#2] TRACE i.k.c.p.DefaultResponseValidation - Skipping default response validation for http://localhost:42227/statements?statementId=fac4422e-23ce-466c-af91-601505281705&related_activities=false&related_agents=false&format=canonical&attachments=false&ascending=false
2026-09-11 18:10:23.380 [Test worker @coroutine#2] TRACE i.k.c.p.c.ContentNegotiation - Response body was converted to class world.respect.lib.xapi.model.XapiStatementResult for http://localhost:42227/statements?statementId=fac4422e-23ce-466c-af91-601505281705&related_activities=false&related_agents=false&format=canonical&attachments=false&ascending=false.
2026-09-11 18:10:23.381 [Test worker @coroutine#2] TRACE i.k.c.p.c.ContentNegotiation - Adding Accept=application/json header for http://localhost:42227/statements?statementId=fac4422e-23ce-466c-af91-601505281705&related_activities=false&related_agents=false&format=exact&attachments=false&ascending=false
2026-09-11 18:10:23.381 [Test worker @coroutine#2] TRACE i.k.c.p.c.ContentNegotiation - Body type class io.ktor.client.utils.EmptyContent is in ignored types. Skipping ContentNegotiation for http://localhost:42227/statements?statementId=fac4422e-23ce-466c-af91-601505281705&related_activities=false&related_agents=false&format=exact&attachments=false&ascending=false.
2026-09-11 18:10:23.383 [eventLoopGroupProxy-40-1 @call-handler#245] TRACE io.ktor.server.routing.Routing - Trace for [statements]
/, segment:0 -> SUCCESS @ /
  /statements, segment:1 -> SUCCESS @ /statements
    /statements [(method:GET)], segment:1 -> SUCCESS @ /statements [(method:GET)]
    /statements [(method:POST)], segment:1 -> FAILURE "Selector didn't match" @ /statements [(method:POST)]
Matched routes:
  "" -> "statements" -> "(method:GET)"
Routing resolve result:
  SUCCESS @ /statements [(method:GET)]
2026-09-11 18:10:23.389 [Test worker @coroutine#2] TRACE io.ktor.client.plugins.SaveBody - Saving body for http://localhost:42227/statements?statementId=fac4422e-23ce-466c-af91-601505281705&related_activities=false&related_agents=false&format=exact&attachments=false&ascending=false
2026-09-11 18:10:23.389 [Test worker @coroutine#2] TRACE i.k.client.plugins.HttpCallValidator - Validating response for request http://localhost:42227/statements?statementId=fac4422e-23ce-466c-af91-601505281705&related_activities=false&related_agents=false&format=exact&attachments=false&ascending=false
2026-09-11 18:10:23.389 [Test worker @coroutine#2] TRACE i.k.c.p.DefaultResponseValidation - Skipping default response validation for http://localhost:42227/statements?statementId=fac4422e-23ce-466c-af91-601505281705&related_activities=false&related_agents=false&format=exact&attachments=false&ascending=false
2026-09-11 18:10:23.390 [Test worker @coroutine#2] TRACE i.k.c.p.c.ContentNegotiation - Response body was converted to class world.respect.lib.xapi.model.XapiStatementResult for http://localhost:42227/statements?statementId=fac4422e-23ce-466c-af91-601505281705&related_activities=false&related_agents=false&format=exact&attachments=false&ascending=false.
2026-09-11 18:10:23.391 [Test worker @coroutine#2] TRACE i.k.c.p.c.ContentNegotiation - Adding Accept=application/json header for http://localhost:42227/statements?statementId=fac4422e-23ce-466c-af91-601505281705&related_activities=false&related_agents=false&format=ids&attachments=false&ascending=false
2026-09-11 18:10:23.391 [Test worker @coroutine#2] TRACE i.k.c.p.c.ContentNegotiation - Body type class io.ktor.client.utils.EmptyContent is in ignored types. Skipping ContentNegotiation for http://localhost:42227/statements?statementId=fac4422e-23ce-466c-af91-601505281705&related_activities=false&related_agents=false&format=ids&attachments=false&ascending=false.
2026-09-11 18:10:23.395 [eventLoopGroupProxy-40-1 @call-handler#248] TRACE io.ktor.server.routing.Routing - Trace for [statements]
/, segment:0 -> SUCCESS @ /
  /statements, segment:1 -> SUCCESS @ /statements
    /statements [(method:GET)], segment:1 -> SUCCESS @ /statements [(method:GET)]
    /statements [(method:POST)], segment:1 -> FAILURE "Selector didn't match" @ /statements [(method:POST)]
Matched routes:
  "" -> "statements" -> "(method:GET)"
Routing resolve result:
  SUCCESS @ /statements [(method:GET)]
2026-09-11 18:10:23.398 [Test worker @coroutine#2] TRACE io.ktor.client.plugins.SaveBody - Saving body for http://localhost:42227/statements?statementId=fac4422e-23ce-466c-af91-601505281705&related_activities=false&related_agents=false&format=ids&attachments=false&ascending=false
2026-09-11 18:10:23.399 [Test worker @coroutine#2] TRACE i.k.client.plugins.HttpCallValidator - Validating response for request http://localhost:42227/statements?statementId=fac4422e-23ce-466c-af91-601505281705&related_activities=false&related_agents=false&format=ids&attachments=false&ascending=false
2026-09-11 18:10:23.400 [Test worker @coroutine#2] TRACE i.k.c.p.DefaultResponseValidation - Skipping default response validation for http://localhost:42227/statements?statementId=fac4422e-23ce-466c-af91-601505281705&related_activities=false&related_agents=false&format=ids&attachments=false&ascending=false
2026-09-11 18:10:23.400 [Test worker @coroutine#2] TRACE i.k.c.p.c.ContentNegotiation - Response body was converted to class world.respect.lib.xapi.model.XapiStatementResult for http://localhost:42227/statements?statementId=fac4422e-23ce-466c-af91-601505281705&related_activities=false&related_agents=false&format=ids&attachments=false&ascending=false.
2026-09-11 18:10:23.411 [Test worker @coroutine#2] INFO  io.ktor.server.Application - Autoreload is disabled because the development mode is off.
2026-09-11 18:10:23.411 [Test worker @coroutine#2] INFO  io.ktor.server.Application - Application started in 0.0 seconds.
2026-09-11 18:10:23.414 [DefaultDispatcher-worker-4 @coroutine#253] INFO  io.ktor.server.Application - Responding at http://0.0.0.0:46187
2026-09-11 18:10:23.414 [Test worker @coroutine#2] TRACE i.k.c.p.c.ContentNegotiation - Adding Accept=application/json header for http://localhost:46187/statements
2026-09-11 18:10:23.414 [Test worker @coroutine#2] TRACE i.k.c.p.c.ContentNegotiation - Converted request body using io.ktor.serialization.kotlinx.KotlinxSerializationConverter@5d1b1c2a for http://localhost:46187/statements
2026-09-11 18:10:23.414 [Test worker @coroutine#2] TRACE i.k.c.plugins.defaultTransformers - Transformed with default transformers request body for http://localhost:46187/statements from class io.ktor.http.content.TextContent
2026-09-11 18:10:23.418 [eventLoopGroupProxy-43-1 @call-handler#256] TRACE io.ktor.server.routing.Routing - Trace for [statements]
/, segment:0 -> SUCCESS @ /
  /statements, segment:1 -> SUCCESS @ /statements
    /statements [(method:GET)], segment:1 -> FAILURE "Selector didn't match" @ /statements [(method:GET)]
    /statements [(method:POST)], segment:1 -> SUCCESS @ /statements [(method:POST)]
Matched routes:
  "" -> "statements" -> "(method:POST)"
Routing resolve result:
  SUCCESS @ /statements [(method:POST)]
2026-09-11 18:10:23.419 [eventLoopGroupProxy-43-1 @call-handler#256] TRACE i.k.server.engine.DefaultTransform - No Default Transformations found for class io.ktor.utils.io.ByteChannel and expected type TypeInfo(kotlinx.serialization.json.JsonElement) for call /statements
2026-09-11 18:10:23.427 [Test worker @coroutine#2] TRACE io.ktor.client.plugins.SaveBody - Saving body for http://localhost:46187/statements
2026-09-11 18:10:23.427 [Test worker @coroutine#2] TRACE i.k.client.plugins.HttpCallValidator - Validating response for request http://localhost:46187/statements
2026-09-11 18:10:23.427 [Test worker @coroutine#2] TRACE i.k.c.p.DefaultResponseValidation - Skipping default response validation for http://localhost:46187/statements
2026-09-11 18:10:23.428 [Test worker @coroutine#2] TRACE i.k.c.p.c.ContentNegotiation - Response body was converted to class java.util.ArrayList for http://localhost:46187/statements.
2026-09-11 18:10:23.429 [Test worker @coroutine#2] TRACE i.k.c.p.c.ContentNegotiation - Adding Accept=application/json header for http://localhost:46187/statements?statementId=1727b29d-112f-441c-a210-73ed22c6d618&related_activities=false&related_agents=false&format=canonical&attachments=false&ascending=false
2026-09-11 18:10:23.429 [Test worker @coroutine#2] TRACE i.k.c.p.c.ContentNegotiation - Body type class io.ktor.client.utils.EmptyContent is in ignored types. Skipping ContentNegotiation for http://localhost:46187/statements?statementId=1727b29d-112f-441c-a210-73ed22c6d618&related_activities=false&related_agents=false&format=canonical&attachments=false&ascending=false.
2026-09-11 18:10:23.431 [eventLoopGroupProxy-43-1 @call-handler#261] TRACE io.ktor.server.routing.Routing - Trace for [statements]
/, segment:0 -> SUCCESS @ /
  /statements, segment:1 -> SUCCESS @ /statements
    /statements [(method:GET)], segment:1 -> SUCCESS @ /statements [(method:GET)]
    /statements [(method:POST)], segment:1 -> FAILURE "Selector didn't match" @ /statements [(method:POST)]
Matched routes:
  "" -> "statements" -> "(method:GET)"
Routing resolve result:
  SUCCESS @ /statements [(method:GET)]
2026-09-11 18:10:23.435 [Test worker @coroutine#2] TRACE io.ktor.client.plugins.SaveBody - Saving body for http://localhost:46187/statements?statementId=1727b29d-112f-441c-a210-73ed22c6d618&related_activities=false&related_agents=false&format=canonical&attachments=false&ascending=false
2026-09-11 18:10:23.435 [Test worker @coroutine#2] TRACE i.k.client.plugins.HttpCallValidator - Validating response for request http://localhost:46187/statements?statementId=1727b29d-112f-441c-a210-73ed22c6d618&related_activities=false&related_agents=false&format=canonical&attachments=false&ascending=false
2026-09-11 18:10:23.435 [Test worker @coroutine#2] TRACE i.k.c.p.DefaultResponseValidation - Skipping default response validation for http://localhost:46187/statements?statementId=1727b29d-112f-441c-a210-73ed22c6d618&related_activities=false&related_agents=false&format=canonical&attachments=false&ascending=false
2026-09-11 18:10:23.435 [Test worker @coroutine#2] TRACE i.k.c.p.c.ContentNegotiation - Response body was converted to class world.respect.lib.xapi.model.XapiStatementResult for http://localhost:46187/statements?statementId=1727b29d-112f-441c-a210-73ed22c6d618&related_activities=false&related_agents=false&format=canonical&attachments=false&ascending=false.
2026-09-11 18:10:23.436 [Test worker @coroutine#2] TRACE i.k.c.p.c.ContentNegotiation - Adding Accept=application/json header for http://localhost:46187/statements?statementId=1727b29d-112f-441c-a210-73ed22c6d618&related_activities=false&related_agents=false&format=exact&attachments=false&ascending=false
2026-09-11 18:10:23.436 [Test worker @coroutine#2] TRACE i.k.c.p.c.ContentNegotiation - Body type class io.ktor.client.utils.EmptyContent is in ignored types. Skipping ContentNegotiation for http://localhost:46187/statements?statementId=1727b29d-112f-441c-a210-73ed22c6d618&related_activities=false&related_agents=false&format=exact&attachments=false&ascending=false.
2026-09-11 18:10:23.436 [eventLoopGroupProxy-43-1 @call-handler#264] TRACE io.ktor.server.routing.Routing - Trace for [statements]
/, segment:0 -> SUCCESS @ /
  /statements, segment:1 -> SUCCESS @ /statements
    /statements [(method:GET)], segment:1 -> SUCCESS @ /statements [(method:GET)]
    /statements [(method:POST)], segment:1 -> FAILURE "Selector didn't match" @ /statements [(method:POST)]
Matched routes:
  "" -> "statements" -> "(method:GET)"
Routing resolve result:
  SUCCESS @ /statements [(method:GET)]
2026-09-11 18:10:23.439 [Test worker @coroutine#2] TRACE io.ktor.client.plugins.SaveBody - Saving body for http://localhost:46187/statements?statementId=1727b29d-112f-441c-a210-73ed22c6d618&related_activities=false&related_agents=false&format=exact&attachments=false&ascending=false
2026-09-11 18:10:23.439 [Test worker @coroutine#2] TRACE i.k.client.plugins.HttpCallValidator - Validating response for request http://localhost:46187/statements?statementId=1727b29d-112f-441c-a210-73ed22c6d618&related_activities=false&related_agents=false&format=exact&attachments=false&ascending=false
2026-09-11 18:10:23.439 [Test worker @coroutine#2] TRACE i.k.c.p.DefaultResponseValidation - Skipping default response validation for http://localhost:46187/statements?statementId=1727b29d-112f-441c-a210-73ed22c6d618&related_activities=false&related_agents=false&format=exact&attachments=false&ascending=false
2026-09-11 18:10:23.439 [Test worker @coroutine#2] TRACE i.k.c.p.c.ContentNegotiation - Response body was converted to class world.respect.lib.xapi.model.XapiStatementResult for http://localhost:46187/statements?statementId=1727b29d-112f-441c-a210-73ed22c6d618&related_activities=false&related_agents=false&format=exact&attachments=false&ascending=false.
2026-09-11 18:10:23.439 [Test worker @coroutine#2] TRACE i.k.c.p.c.ContentNegotiation - Adding Accept=application/json header for http://localhost:46187/statements?statementId=1727b29d-112f-441c-a210-73ed22c6d618&related_activities=false&related_agents=false&format=ids&attachments=false&ascending=false
2026-09-11 18:10:23.440 [Test worker @coroutine#2] TRACE i.k.c.p.c.ContentNegotiation - Body type class io.ktor.client.utils.EmptyContent is in ignored types. Skipping ContentNegotiation for http://localhost:46187/statements?statementId=1727b29d-112f-441c-a210-73ed22c6d618&related_activities=false&related_agents=false&format=ids&attachments=false&ascending=false.
2026-09-11 18:10:23.441 [eventLoopGroupProxy-43-1 @call-handler#267] TRACE io.ktor.server.routing.Routing - Trace for [statements]
/, segment:0 -> SUCCESS @ /
  /statements, segment:1 -> SUCCESS @ /statements
    /statements [(method:GET)], segment:1 -> SUCCESS @ /statements [(method:GET)]
    /statements [(method:POST)], segment:1 -> FAILURE "Selector didn't match" @ /statements [(method:POST)]
Matched routes:
  "" -> "statements" -> "(method:GET)"
Routing resolve result:
  SUCCESS @ /statements [(method:GET)]
2026-09-11 18:10:23.444 [Test worker @coroutine#2] TRACE io.ktor.client.plugins.SaveBody - Saving body for http://localhost:46187/statements?statementId=1727b29d-112f-441c-a210-73ed22c6d618&related_activities=false&related_agents=false&format=ids&attachments=false&ascending=false
2026-09-11 18:10:23.444 [Test worker @coroutine#2] TRACE i.k.client.plugins.HttpCallValidator - Validating response for request http://localhost:46187/statements?statementId=1727b29d-112f-441c-a210-73ed22c6d618&related_activities=false&related_agents=false&format=ids&attachments=false&ascending=false
2026-09-11 18:10:23.444 [Test worker @coroutine#2] TRACE i.k.c.p.DefaultResponseValidation - Skipping default response validation for http://localhost:46187/statements?statementId=1727b29d-112f-441c-a210-73ed22c6d618&related_activities=false&related_agents=false&format=ids&attachments=false&ascending=false
2026-09-11 18:10:23.445 [Test worker @coroutine#2] TRACE i.k.c.p.c.ContentNegotiation - Response body was converted to class world.respect.lib.xapi.model.XapiStatementResult for http://localhost:46187/statements?statementId=1727b29d-112f-441c-a210-73ed22c6d618&related_activities=false&related_agents=false&format=ids&attachments=false&ascending=false.
2026-09-11 18:46:07.248 [Test worker @coroutine#2] INFO  io.ktor.server.Application - Autoreload is disabled because the development mode is off.
2026-09-11 18:46:07.268 [Test worker @coroutine#2] INFO  io.ktor.server.Application - Application started in 0.027 seconds.
2026-09-11 18:46:07.333 [DefaultDispatcher-worker-2 @coroutine#6] INFO  io.ktor.server.Application - Responding at http://0.0.0.0:46689
2026-09-11 18:46:07.374 [Test worker @coroutine#2] TRACE i.k.c.p.c.ContentNegotiation - Adding Accept=application/json header for http://localhost:46689/statements
2026-09-11 18:46:07.392 [Test worker @coroutine#2] TRACE i.k.c.p.c.ContentNegotiation - Converted request body using io.ktor.serialization.kotlinx.KotlinxSerializationConverter@609319c3 for http://localhost:46689/statements
2026-09-11 18:46:07.392 [Test worker @coroutine#2] TRACE i.k.c.plugins.defaultTransformers - Transformed with default transformers request body for http://localhost:46689/statements from class io.ktor.http.content.TextContent
2026-09-11 18:46:07.636 [eventLoopGroupProxy-4-1 @call-handler#9] TRACE io.ktor.server.routing.Routing - Trace for [statements]
/, segment:0 -> SUCCESS @ /
  /statements, segment:1 -> SUCCESS @ /statements
    /statements [(method:GET)], segment:1 -> FAILURE "Selector didn't match" @ /statements [(method:GET)]
    /statements [(method:POST)], segment:1 -> SUCCESS @ /statements [(method:POST)]
Matched routes:
  "" -> "statements" -> "(method:POST)"
Routing resolve result:
  SUCCESS @ /statements [(method:POST)]
2026-09-11 18:46:07.645 [eventLoopGroupProxy-4-1 @call-handler#9] TRACE i.k.server.engine.DefaultTransform - No Default Transformations found for class io.ktor.utils.io.ByteChannel and expected type TypeInfo(kotlinx.serialization.json.JsonElement) for call /statements
2026-09-11 18:46:07.723 [Test worker @coroutine#2] TRACE io.ktor.client.plugins.SaveBody - Saving body for http://localhost:46689/statements
2026-09-11 18:46:07.724 [Test worker @coroutine#2] TRACE i.k.client.plugins.HttpCallValidator - Validating response for request http://localhost:46689/statements
2026-09-11 18:46:07.724 [Test worker @coroutine#2] TRACE i.k.c.p.DefaultResponseValidation - Skipping default response validation for http://localhost:46689/statements
2026-09-11 18:46:07.726 [Test worker @coroutine#2] TRACE i.k.c.p.c.ContentNegotiation - Response body was converted to class java.util.ArrayList for http://localhost:46689/statements.
2026-09-11 18:46:07.733 [Test worker @coroutine#2] TRACE i.k.c.p.c.ContentNegotiation - Adding Accept=application/json header for http://localhost:46689/statements?statementId=0be3c29d-9952-4115-b934-50ae73f29a90&related_activities=false&related_agents=false&format=canonical&attachments=false&ascending=false
2026-09-11 18:46:07.733 [Test worker @coroutine#2] TRACE i.k.c.p.c.ContentNegotiation - Body type class io.ktor.client.utils.EmptyContent is in ignored types. Skipping ContentNegotiation for http://localhost:46689/statements?statementId=0be3c29d-9952-4115-b934-50ae73f29a90&related_activities=false&related_agents=false&format=canonical&attachments=false&ascending=false.
2026-09-11 18:46:07.737 [eventLoopGroupProxy-4-1 @call-handler#14] TRACE io.ktor.server.routing.Routing - Trace for [statements]
/, segment:0 -> SUCCESS @ /
  /statements, segment:1 -> SUCCESS @ /statements
    /statements [(method:GET)], segment:1 -> SUCCESS @ /statements [(method:GET)]
    /statements [(method:POST)], segment:1 -> FAILURE "Selector didn't match" @ /statements [(method:POST)]
Matched routes:
  "" -> "statements" -> "(method:GET)"
Routing resolve result:
  SUCCESS @ /statements [(method:GET)]
2026-09-11 18:46:07.754 [Test worker @coroutine#2] TRACE io.ktor.client.plugins.SaveBody - Saving body for http://localhost:46689/statements?statementId=0be3c29d-9952-4115-b934-50ae73f29a90&related_activities=false&related_agents=false&format=canonical&attachments=false&ascending=false
2026-09-11 18:46:07.755 [Test worker @coroutine#2] TRACE i.k.client.plugins.HttpCallValidator - Validating response for request http://localhost:46689/statements?statementId=0be3c29d-9952-4115-b934-50ae73f29a90&related_activities=false&related_agents=false&format=canonical&attachments=false&ascending=false
2026-09-11 18:46:07.755 [Test worker @coroutine#2] TRACE i.k.c.p.DefaultResponseValidation - Skipping default response validation for http://localhost:46689/statements?statementId=0be3c29d-9952-4115-b934-50ae73f29a90&related_activities=false&related_agents=false&format=canonical&attachments=false&ascending=false
2026-09-11 18:46:07.757 [Test worker @coroutine#2] TRACE i.k.c.p.c.ContentNegotiation - Response body was converted to class world.respect.lib.xapi.model.XapiStatementResult for http://localhost:46689/statements?statementId=0be3c29d-9952-4115-b934-50ae73f29a90&related_activities=false&related_agents=false&format=canonical&attachments=false&ascending=false.
2026-09-11 18:46:07.764 [Test worker @coroutine#2] TRACE i.k.c.p.c.ContentNegotiation - Adding Accept=application/json header for http://localhost:46689/statements?statementId=0be3c29d-9952-4115-b934-50ae73f29a90&related_activities=false&related_agents=false&format=exact&attachments=false&ascending=false
2026-09-11 18:46:07.764 [Test worker @coroutine#2] TRACE i.k.c.p.c.ContentNegotiation - Body type class io.ktor.client.utils.EmptyContent is in ignored types. Skipping ContentNegotiation for http://localhost:46689/statements?statementId=0be3c29d-9952-4115-b934-50ae73f29a90&related_activities=false&related_agents=false&format=exact&attachments=false&ascending=false.
2026-09-11 18:46:07.766 [eventLoopGroupProxy-4-1 @call-handler#17] TRACE io.ktor.server.routing.Routing - Trace for [statements]
/, segment:0 -> SUCCESS @ /
  /statements, segment:1 -> SUCCESS @ /statements
    /statements [(method:GET)], segment:1 -> SUCCESS @ /statements [(method:GET)]
    /statements [(method:POST)], segment:1 -> FAILURE "Selector didn't match" @ /statements [(method:POST)]
Matched routes:
  "" -> "statements" -> "(method:GET)"
Routing resolve result:
  SUCCESS @ /statements [(method:GET)]
2026-09-11 18:46:07.778 [Test worker @coroutine#2] TRACE io.ktor.client.plugins.SaveBody - Saving body for http://localhost:46689/statements?statementId=0be3c29d-9952-4115-b934-50ae73f29a90&related_activities=false&related_agents=false&format=exact&attachments=false&ascending=false
2026-09-11 18:46:07.778 [Test worker @coroutine#2] TRACE i.k.client.plugins.HttpCallValidator - Validating response for request http://localhost:46689/statements?statementId=0be3c29d-9952-4115-b934-50ae73f29a90&related_activities=false&related_agents=false&format=exact&attachments=false&ascending=false
2026-09-11 18:46:07.778 [Test worker @coroutine#2] TRACE i.k.c.p.DefaultResponseValidation - Skipping default response validation for http://localhost:46689/statements?statementId=0be3c29d-9952-4115-b934-50ae73f29a90&related_activities=false&related_agents=false&format=exact&attachments=false&ascending=false
2026-09-11 18:46:07.780 [Test worker @coroutine#2] TRACE i.k.c.p.c.ContentNegotiation - Response body was converted to class world.respect.lib.xapi.model.XapiStatementResult for http://localhost:46689/statements?statementId=0be3c29d-9952-4115-b934-50ae73f29a90&related_activities=false&related_agents=false&format=exact&attachments=false&ascending=false.
2026-09-11 18:46:07.781 [Test worker @coroutine#2] TRACE i.k.c.p.c.ContentNegotiation - Adding Accept=application/json header for http://localhost:46689/statements?statementId=0be3c29d-9952-4115-b934-50ae73f29a90&related_activities=false&related_agents=false&format=ids&attachments=false&ascending=false
2026-09-11 18:46:07.781 [Test worker @coroutine#2] TRACE i.k.c.p.c.ContentNegotiation - Body type class io.ktor.client.utils.EmptyContent is in ignored types. Skipping ContentNegotiation for http://localhost:46689/statements?statementId=0be3c29d-9952-4115-b934-50ae73f29a90&related_activities=false&related_agents=false&format=ids&attachments=false&ascending=false.
2026-09-11 18:46:07.784 [eventLoopGroupProxy-4-1 @call-handler#20] TRACE io.ktor.server.routing.Routing - Trace for [statements]
/, segment:0 -> SUCCESS @ /
  /statements, segment:1 -> SUCCESS @ /statements
    /statements [(method:GET)], segment:1 -> SUCCESS @ /statements [(method:GET)]
    /statements [(method:POST)], segment:1 -> FAILURE "Selector didn't match" @ /statements [(method:POST)]
Matched routes:
  "" -> "statements" -> "(method:GET)"
Routing resolve result:
  SUCCESS @ /statements [(method:GET)]
2026-09-11 18:46:07.788 [Test worker @coroutine#2] TRACE io.ktor.client.plugins.SaveBody - Saving body for http://localhost:46689/statements?statementId=0be3c29d-9952-4115-b934-50ae73f29a90&related_activities=false&related_agents=false&format=ids&attachments=false&ascending=false
2026-09-11 18:46:07.789 [Test worker @coroutine#2] TRACE i.k.client.plugins.HttpCallValidator - Validating response for request http://localhost:46689/statements?statementId=0be3c29d-9952-4115-b934-50ae73f29a90&related_activities=false&related_agents=false&format=ids&attachments=false&ascending=false
2026-09-11 18:46:07.789 [Test worker @coroutine#2] TRACE i.k.c.p.DefaultResponseValidation - Skipping default response validation for http://localhost:46689/statements?statementId=0be3c29d-9952-4115-b934-50ae73f29a90&related_activities=false&related_agents=false&format=ids&attachments=false&ascending=false
2026-09-11 18:46:07.790 [Test worker @coroutine#2] TRACE i.k.c.p.c.ContentNegotiation - Response body was converted to class world.respect.lib.xapi.model.XapiStatementResult for http://localhost:46689/statements?statementId=0be3c29d-9952-4115-b934-50ae73f29a90&related_activities=false&related_agents=false&format=ids&attachments=false&ascending=false.
2026-09-11 18:46:07.803 [Test worker @coroutine#2] INFO  io.ktor.server.Application - Autoreload is disabled because the development mode is off.
2026-09-11 18:46:07.804 [Test worker @coroutine#2] INFO  io.ktor.server.Application - Application started in 0.001 seconds.
2026-09-11 18:46:07.807 [DefaultDispatcher-worker-1 @coroutine#25] INFO  io.ktor.server.Application - Responding at http://0.0.0.0:43345
2026-09-11 18:46:07.808 [Test worker @coroutine#2] TRACE i.k.c.p.c.ContentNegotiation - Adding Accept=application/json header for http://localhost:43345/statements
2026-09-11 18:46:07.808 [Test worker @coroutine#2] TRACE i.k.c.p.c.ContentNegotiation - Converted request body using io.ktor.serialization.kotlinx.KotlinxSerializationConverter@609319c3 for http://localhost:43345/statements
2026-09-11 18:46:07.808 [Test worker @coroutine#2] TRACE i.k.c.plugins.defaultTransformers - Transformed with default transformers request body for http://localhost:43345/statements from class io.ktor.http.content.TextContent
2026-09-11 18:46:07.814 [eventLoopGroupProxy-7-1 @call-handler#28] TRACE io.ktor.server.routing.Routing - Trace for [statements]
/, segment:0 -> SUCCESS @ /
  /statements, segment:1 -> SUCCESS @ /statements
    /statements [(method:GET)], segment:1 -> FAILURE "Selector didn't match" @ /statements [(method:GET)]
    /statements [(method:POST)], segment:1 -> SUCCESS @ /statements [(method:POST)]
Matched routes:
  "" -> "statements" -> "(method:POST)"
Routing resolve result:
  SUCCESS @ /statements [(method:POST)]
2026-09-11 18:46:07.815 [eventLoopGroupProxy-7-1 @call-handler#28] TRACE i.k.server.engine.DefaultTransform - No Default Transformations found for class io.ktor.utils.io.ByteChannel and expected type TypeInfo(kotlinx.serialization.json.JsonElement) for call /statements
2026-09-11 18:46:07.825 [Test worker @coroutine#2] TRACE io.ktor.client.plugins.SaveBody - Saving body for http://localhost:43345/statements
2026-09-11 18:46:07.825 [Test worker @coroutine#2] TRACE i.k.client.plugins.HttpCallValidator - Validating response for request http://localhost:43345/statements
2026-09-11 18:46:07.825 [Test worker @coroutine#2] TRACE i.k.c.p.DefaultResponseValidation - Skipping default response validation for http://localhost:43345/statements
2026-09-11 18:46:07.826 [Test worker @coroutine#2] TRACE i.k.c.p.c.ContentNegotiation - Response body was converted to class java.util.ArrayList for http://localhost:43345/statements.
2026-09-11 18:46:07.827 [Test worker @coroutine#2] TRACE i.k.c.p.c.ContentNegotiation - Adding Accept=application/json header for http://localhost:43345/statements?statementId=9ffe9050-64b8-4df2-856d-94c7db92a681&related_activities=false&related_agents=false&format=canonical&attachments=false&ascending=false
2026-09-11 18:46:07.827 [Test worker @coroutine#2] TRACE i.k.c.p.c.ContentNegotiation - Body type class io.ktor.client.utils.EmptyContent is in ignored types. Skipping ContentNegotiation for http://localhost:43345/statements?statementId=9ffe9050-64b8-4df2-856d-94c7db92a681&related_activities=false&related_agents=false&format=canonical&attachments=false&ascending=false.
2026-09-11 18:46:07.831 [eventLoopGroupProxy-7-1 @call-handler#33] TRACE io.ktor.server.routing.Routing - Trace for [statements]
/, segment:0 -> SUCCESS @ /
  /statements, segment:1 -> SUCCESS @ /statements
    /statements [(method:GET)], segment:1 -> SUCCESS @ /statements [(method:GET)]
    /statements [(method:POST)], segment:1 -> FAILURE "Selector didn't match" @ /statements [(method:POST)]
Matched routes:
  "" -> "statements" -> "(method:GET)"
Routing resolve result:
  SUCCESS @ /statements [(method:GET)]
2026-09-11 18:46:07.837 [Test worker @coroutine#2] TRACE io.ktor.client.plugins.SaveBody - Saving body for http://localhost:43345/statements?statementId=9ffe9050-64b8-4df2-856d-94c7db92a681&related_activities=false&related_agents=false&format=canonical&attachments=false&ascending=false
2026-09-11 18:46:07.837 [Test worker @coroutine#2] TRACE i.k.client.plugins.HttpCallValidator - Validating response for request http://localhost:43345/statements?statementId=9ffe9050-64b8-4df2-856d-94c7db92a681&related_activities=false&related_agents=false&format=canonical&attachments=false&ascending=false
2026-09-11 18:46:07.837 [Test worker @coroutine#2] TRACE i.k.c.p.DefaultResponseValidation - Skipping default response validation for http://localhost:43345/statements?statementId=9ffe9050-64b8-4df2-856d-94c7db92a681&related_activities=false&related_agents=false&format=canonical&attachments=false&ascending=false
2026-09-11 18:46:07.838 [Test worker @coroutine#2] TRACE i.k.c.p.c.ContentNegotiation - Response body was converted to class world.respect.lib.xapi.model.XapiStatementResult for http://localhost:43345/statements?statementId=9ffe9050-64b8-4df2-856d-94c7db92a681&related_activities=false&related_agents=false&format=canonical&attachments=false&ascending=false.
2026-09-11 18:46:07.839 [Test worker @coroutine#2] TRACE i.k.c.p.c.ContentNegotiation - Adding Accept=application/json header for http://localhost:43345/statements?statementId=9ffe9050-64b8-4df2-856d-94c7db92a681&related_activities=false&related_agents=false&format=exact&attachments=false&ascending=false
2026-09-11 18:46:07.839 [Test worker @coroutine#2] TRACE i.k.c.p.c.ContentNegotiation - Body type class io.ktor.client.utils.EmptyContent is in ignored types. Skipping ContentNegotiation for http://localhost:43345/statements?statementId=9ffe9050-64b8-4df2-856d-94c7db92a681&related_activities=false&related_agents=false&format=exact&attachments=false&ascending=false.
2026-09-11 18:46:07.842 [eventLoopGroupProxy-7-1 @call-handler#36] TRACE io.ktor.server.routing.Routing - Trace for [statements]
/, segment:0 -> SUCCESS @ /
  /statements, segment:1 -> SUCCESS @ /statements
    /statements [(method:GET)], segment:1 -> SUCCESS @ /statements [(method:GET)]
    /statements [(method:POST)], segment:1 -> FAILURE "Selector didn't match" @ /statements [(method:POST)]
Matched routes:
  "" -> "statements" -> "(method:GET)"
Routing resolve result:
  SUCCESS @ /statements [(method:GET)]
2026-09-11 18:46:07.851 [Test worker @coroutine#2] TRACE io.ktor.client.plugins.SaveBody - Saving body for http://localhost:43345/statements?statementId=9ffe9050-64b8-4df2-856d-94c7db92a681&related_activities=false&related_agents=false&format=exact&attachments=false&ascending=false
2026-09-11 18:46:07.851 [Test worker @coroutine#2] TRACE i.k.client.plugins.HttpCallValidator - Validating response for request http://localhost:43345/statements?statementId=9ffe9050-64b8-4df2-856d-94c7db92a681&related_activities=false&related_agents=false&format=exact&attachments=false&ascending=false
2026-09-11 18:46:07.851 [Test worker @coroutine#2] TRACE i.k.c.p.DefaultResponseValidation - Skipping default response validation for http://localhost:43345/statements?statementId=9ffe9050-64b8-4df2-856d-94c7db92a681&related_activities=false&related_agents=false&format=exact&attachments=false&ascending=false
2026-09-11 18:46:07.851 [Test worker @coroutine#2] TRACE i.k.c.p.c.ContentNegotiation - Response body was converted to class world.respect.lib.xapi.model.XapiStatementResult for http://localhost:43345/statements?statementId=9ffe9050-64b8-4df2-856d-94c7db92a681&related_activities=false&related_agents=false&format=exact&attachments=false&ascending=false.
2026-09-11 18:46:07.852 [Test worker @coroutine#2] TRACE i.k.c.p.c.ContentNegotiation - Adding Accept=application/json header for http://localhost:43345/statements?statementId=9ffe9050-64b8-4df2-856d-94c7db92a681&related_activities=false&related_agents=false&format=ids&attachments=false&ascending=false
2026-09-11 18:46:07.852 [Test worker @coroutine#2] TRACE i.k.c.p.c.ContentNegotiation - Body type class io.ktor.client.utils.EmptyContent is in ignored types. Skipping ContentNegotiation for http://localhost:43345/statements?statementId=9ffe9050-64b8-4df2-856d-94c7db92a681&related_activities=false&related_agents=false&format=ids&attachments=false&ascending=false.
2026-09-11 18:46:07.856 [eventLoopGroupProxy-7-1 @call-handler#39] TRACE io.ktor.server.routing.Routing - Trace for [statements]
/, segment:0 -> SUCCESS @ /
  /statements, segment:1 -> SUCCESS @ /statements
    /statements [(method:GET)], segment:1 -> SUCCESS @ /statements [(method:GET)]
    /statements [(method:POST)], segment:1 -> FAILURE "Selector didn't match" @ /statements [(method:POST)]
Matched routes:
  "" -> "statements" -> "(method:GET)"
Routing resolve result:
  SUCCESS @ /statements [(method:GET)]
2026-09-11 18:46:07.862 [Test worker @coroutine#2] TRACE io.ktor.client.plugins.SaveBody - Saving body for http://localhost:43345/statements?statementId=9ffe9050-64b8-4df2-856d-94c7db92a681&related_activities=false&related_agents=false&format=ids&attachments=false&ascending=false
2026-09-11 18:46:07.862 [Test worker @coroutine#2] TRACE i.k.client.plugins.HttpCallValidator - Validating response for request http://localhost:43345/statements?statementId=9ffe9050-64b8-4df2-856d-94c7db92a681&related_activities=false&related_agents=false&format=ids&attachments=false&ascending=false
2026-09-11 18:46:07.862 [Test worker @coroutine#2] TRACE i.k.c.p.DefaultResponseValidation - Skipping default response validation for http://localhost:43345/statements?statementId=9ffe9050-64b8-4df2-856d-94c7db92a681&related_activities=false&related_agents=false&format=ids&attachments=false&ascending=false
2026-09-11 18:46:07.863 [Test worker @coroutine#2] TRACE i.k.c.p.c.ContentNegotiation - Response body was converted to class world.respect.lib.xapi.model.XapiStatementResult for http://localhost:43345/statements?statementId=9ffe9050-64b8-4df2-856d-94c7db92a681&related_activities=false&related_agents=false&format=ids&attachments=false&ascending=false.
2026-09-11 18:46:07.874 [Test worker @coroutine#2] INFO  io.ktor.server.Application - Autoreload is disabled because the development mode is off.
2026-09-11 18:46:07.874 [Test worker @coroutine#2] INFO  io.ktor.server.Application - Application started in 0.001 seconds.
2026-09-11 18:46:07.877 [Test worker @coroutine#2] TRACE i.k.c.p.c.ContentNegotiation - Adding Accept=application/json header for http://localhost:33827/statements
2026-09-11 18:46:07.877 [DefaultDispatcher-worker-1 @coroutine#44] INFO  io.ktor.server.Application - Responding at http://0.0.0.0:33827
2026-09-11 18:46:07.879 [Test worker @coroutine#2] TRACE i.k.c.p.c.ContentNegotiation - Converted request body using io.ktor.serialization.kotlinx.KotlinxSerializationConverter@609319c3 for http://localhost:33827/statements
2026-09-11 18:46:07.879 [Test worker @coroutine#2] TRACE i.k.c.plugins.defaultTransformers - Transformed with default transformers request body for http://localhost:33827/statements from class io.ktor.http.content.TextContent
2026-09-11 18:46:07.887 [eventLoopGroupProxy-10-1 @call-handler#47] TRACE io.ktor.server.routing.Routing - Trace for [statements]
/, segment:0 -> SUCCESS @ /
  /statements, segment:1 -> SUCCESS @ /statements
    /statements [(method:GET)], segment:1 -> FAILURE "Selector didn't match" @ /statements [(method:GET)]
    /statements [(method:POST)], segment:1 -> SUCCESS @ /statements [(method:POST)]
Matched routes:
  "" -> "statements" -> "(method:POST)"
Routing resolve result:
  SUCCESS @ /statements [(method:POST)]
2026-09-11 18:46:07.888 [eventLoopGroupProxy-10-1 @call-handler#47] TRACE i.k.server.engine.DefaultTransform - No Default Transformations found for class io.ktor.utils.io.ByteChannel and expected type TypeInfo(kotlinx.serialization.json.JsonElement) for call /statements
2026-09-11 18:46:07.894 [Test worker @coroutine#2] TRACE io.ktor.client.plugins.SaveBody - Saving body for http://localhost:33827/statements
2026-09-11 18:46:07.894 [Test worker @coroutine#2] TRACE i.k.client.plugins.HttpCallValidator - Validating response for request http://localhost:33827/statements
2026-09-11 18:46:07.894 [Test worker @coroutine#2] TRACE i.k.c.p.DefaultResponseValidation - Skipping default response validation for http://localhost:33827/statements
2026-09-11 18:46:07.894 [Test worker @coroutine#2] TRACE i.k.c.p.c.ContentNegotiation - Response body was converted to class java.util.ArrayList for http://localhost:33827/statements.
2026-09-11 18:46:07.894 [Test worker @coroutine#2] TRACE i.k.c.p.c.ContentNegotiation - Adding Accept=application/json header for http://localhost:33827/statements?statementId=f8e88bfc-ae73-4cb1-972c-6eb9962855a5&related_activities=false&related_agents=false&format=canonical&attachments=false&ascending=false
2026-09-11 18:46:07.895 [Test worker @coroutine#2] TRACE i.k.c.p.c.ContentNegotiation - Body type class io.ktor.client.utils.EmptyContent is in ignored types. Skipping ContentNegotiation for http://localhost:33827/statements?statementId=f8e88bfc-ae73-4cb1-972c-6eb9962855a5&related_activities=false&related_agents=false&format=canonical&attachments=false&ascending=false.
2026-09-11 18:46:07.898 [eventLoopGroupProxy-10-1 @call-handler#52] TRACE io.ktor.server.routing.Routing - Trace for [statements]
/, segment:0 -> SUCCESS @ /
  /statements, segment:1 -> SUCCESS @ /statements
    /statements [(method:GET)], segment:1 -> SUCCESS @ /statements [(method:GET)]
    /statements [(method:POST)], segment:1 -> FAILURE "Selector didn't match" @ /statements [(method:POST)]
Matched routes:
  "" -> "statements" -> "(method:GET)"
Routing resolve result:
  SUCCESS @ /statements [(method:GET)]
2026-09-11 18:46:07.903 [Test worker @coroutine#2] TRACE io.ktor.client.plugins.SaveBody - Saving body for http://localhost:33827/statements?statementId=f8e88bfc-ae73-4cb1-972c-6eb9962855a5&related_activities=false&related_agents=false&format=canonical&attachments=false&ascending=false
2026-09-11 18:46:07.903 [Test worker @coroutine#2] TRACE i.k.client.plugins.HttpCallValidator - Validating response for request http://localhost:33827/statements?statementId=f8e88bfc-ae73-4cb1-972c-6eb9962855a5&related_activities=false&related_agents=false&format=canonical&attachments=false&ascending=false
2026-09-11 18:46:07.903 [Test worker @coroutine#2] TRACE i.k.c.p.DefaultResponseValidation - Skipping default response validation for http://localhost:33827/statements?statementId=f8e88bfc-ae73-4cb1-972c-6eb9962855a5&related_activities=false&related_agents=false&format=canonical&attachments=false&ascending=false
2026-09-11 18:46:07.904 [Test worker @coroutine#2] TRACE i.k.c.p.c.ContentNegotiation - Response body was converted to class world.respect.lib.xapi.model.XapiStatementResult for http://localhost:33827/statements?statementId=f8e88bfc-ae73-4cb1-972c-6eb9962855a5&related_activities=false&related_agents=false&format=canonical&attachments=false&ascending=false.
2026-09-11 18:46:07.905 [Test worker @coroutine#2] TRACE i.k.c.p.c.ContentNegotiation - Adding Accept=application/json header for http://localhost:33827/statements?statementId=f8e88bfc-ae73-4cb1-972c-6eb9962855a5&related_activities=false&related_agents=false&format=exact&attachments=false&ascending=false
2026-09-11 18:46:07.905 [Test worker @coroutine#2] TRACE i.k.c.p.c.ContentNegotiation - Body type class io.ktor.client.utils.EmptyContent is in ignored types. Skipping ContentNegotiation for http://localhost:33827/statements?statementId=f8e88bfc-ae73-4cb1-972c-6eb9962855a5&related_activities=false&related_agents=false&format=exact&attachments=false&ascending=false.
2026-09-11 18:46:07.908 [eventLoopGroupProxy-10-1 @call-handler#55] TRACE io.ktor.server.routing.Routing - Trace for [statements]
/, segment:0 -> SUCCESS @ /
  /statements, segment:1 -> SUCCESS @ /statements
    /statements [(method:GET)], segment:1 -> SUCCESS @ /statements [(method:GET)]
    /statements [(method:POST)], segment:1 -> FAILURE "Selector didn't match" @ /statements [(method:POST)]
Matched routes:
  "" -> "statements" -> "(method:GET)"
Routing resolve result:
  SUCCESS @ /statements [(method:GET)]
2026-09-11 18:46:07.912 [Test worker @coroutine#2] TRACE io.ktor.client.plugins.SaveBody - Saving body for http://localhost:33827/statements?statementId=f8e88bfc-ae73-4cb1-972c-6eb9962855a5&related_activities=false&related_agents=false&format=exact&attachments=false&ascending=false
2026-09-11 18:46:07.913 [Test worker @coroutine#2] TRACE i.k.client.plugins.HttpCallValidator - Validating response for request http://localhost:33827/statements?statementId=f8e88bfc-ae73-4cb1-972c-6eb9962855a5&related_activities=false&related_agents=false&format=exact&attachments=false&ascending=false
2026-09-11 18:46:07.913 [Test worker @coroutine#2] TRACE i.k.c.p.DefaultResponseValidation - Skipping default response validation for http://localhost:33827/statements?statementId=f8e88bfc-ae73-4cb1-972c-6eb9962855a5&related_activities=false&related_agents=false&format=exact&attachments=false&ascending=false
2026-09-11 18:46:07.914 [Test worker @coroutine#2] TRACE i.k.c.p.c.ContentNegotiation - Response body was converted to class world.respect.lib.xapi.model.XapiStatementResult for http://localhost:33827/statements?statementId=f8e88bfc-ae73-4cb1-972c-6eb9962855a5&related_activities=false&related_agents=false&format=exact&attachments=false&ascending=false.
2026-09-11 18:46:07.914 [Test worker @coroutine#2] TRACE i.k.c.p.c.ContentNegotiation - Adding Accept=application/json header for http://localhost:33827/statements?statementId=f8e88bfc-ae73-4cb1-972c-6eb9962855a5&related_activities=false&related_agents=false&format=ids&attachments=false&ascending=false
2026-09-11 18:46:07.914 [Test worker @coroutine#2] TRACE i.k.c.p.c.ContentNegotiation - Body type class io.ktor.client.utils.EmptyContent is in ignored types. Skipping ContentNegotiation for http://localhost:33827/statements?statementId=f8e88bfc-ae73-4cb1-972c-6eb9962855a5&related_activities=false&related_agents=false&format=ids&attachments=false&ascending=false.
2026-09-11 18:46:07.918 [eventLoopGroupProxy-10-1 @call-handler#58] TRACE io.ktor.server.routing.Routing - Trace for [statements]
/, segment:0 -> SUCCESS @ /
  /statements, segment:1 -> SUCCESS @ /statements
    /statements [(method:GET)], segment:1 -> SUCCESS @ /statements [(method:GET)]
    /statements [(method:POST)], segment:1 -> FAILURE "Selector didn't match" @ /statements [(method:POST)]
Matched routes:
  "" -> "statements" -> "(method:GET)"
Routing resolve result:
  SUCCESS @ /statements [(method:GET)]
2026-09-11 18:46:07.924 [Test worker @coroutine#2] TRACE io.ktor.client.plugins.SaveBody - Saving body for http://localhost:33827/statements?statementId=f8e88bfc-ae73-4cb1-972c-6eb9962855a5&related_activities=false&related_agents=false&format=ids&attachments=false&ascending=false
2026-09-11 18:46:07.924 [Test worker @coroutine#2] TRACE i.k.client.plugins.HttpCallValidator - Validating response for request http://localhost:33827/statements?statementId=f8e88bfc-ae73-4cb1-972c-6eb9962855a5&related_activities=false&related_agents=false&format=ids&attachments=false&ascending=false
2026-09-11 18:46:07.924 [Test worker @coroutine#2] TRACE i.k.c.p.DefaultResponseValidation - Skipping default response validation for http://localhost:33827/statements?statementId=f8e88bfc-ae73-4cb1-972c-6eb9962855a5&related_activities=false&related_agents=false&format=ids&attachments=false&ascending=false
2026-09-11 18:46:07.924 [Test worker @coroutine#2] TRACE i.k.c.p.c.ContentNegotiation - Response body was converted to class world.respect.lib.xapi.model.XapiStatementResult for http://localhost:33827/statements?statementId=f8e88bfc-ae73-4cb1-972c-6eb9962855a5&related_activities=false&related_agents=false&format=ids&attachments=false&ascending=false.
2026-09-11 18:46:07.935 [Test worker @coroutine#2] INFO  io.ktor.server.Application - Autoreload is disabled because the development mode is off.
2026-09-11 18:46:07.936 [Test worker @coroutine#2] INFO  io.ktor.server.Application - Application started in 0.001 seconds.
2026-09-11 18:46:07.939 [DefaultDispatcher-worker-5 @coroutine#63] INFO  io.ktor.server.Application - Responding at http://0.0.0.0:43233
2026-09-11 18:46:07.941 [Test worker @coroutine#2] TRACE i.k.c.p.c.ContentNegotiation - Adding Accept=application/json header for http://localhost:43233/statements
2026-09-11 18:46:07.942 [Test worker @coroutine#2] TRACE i.k.c.p.c.ContentNegotiation - Converted request body using io.ktor.serialization.kotlinx.KotlinxSerializationConverter@609319c3 for http://localhost:43233/statements
2026-09-11 18:46:07.942 [Test worker @coroutine#2] TRACE i.k.c.plugins.defaultTransformers - Transformed with default transformers request body for http://localhost:43233/statements from class io.ktor.http.content.TextContent
2026-09-11 18:46:07.950 [eventLoopGroupProxy-13-1 @call-handler#66] TRACE io.ktor.server.routing.Routing - Trace for [statements]
/, segment:0 -> SUCCESS @ /
  /statements, segment:1 -> SUCCESS @ /statements
    /statements [(method:GET)], segment:1 -> FAILURE "Selector didn't match" @ /statements [(method:GET)]
    /statements [(method:POST)], segment:1 -> SUCCESS @ /statements [(method:POST)]
Matched routes:
  "" -> "statements" -> "(method:POST)"
Routing resolve result:
  SUCCESS @ /statements [(method:POST)]
2026-09-11 18:46:07.951 [eventLoopGroupProxy-13-1 @call-handler#66] TRACE i.k.server.engine.DefaultTransform - No Default Transformations found for class io.ktor.utils.io.ByteChannel and expected type TypeInfo(kotlinx.serialization.json.JsonElement) for call /statements
2026-09-11 18:46:07.960 [Test worker @coroutine#2] TRACE io.ktor.client.plugins.SaveBody - Saving body for http://localhost:43233/statements
2026-09-11 18:46:07.961 [Test worker @coroutine#2] TRACE i.k.client.plugins.HttpCallValidator - Validating response for request http://localhost:43233/statements
2026-09-11 18:46:07.961 [Test worker @coroutine#2] TRACE i.k.c.p.DefaultResponseValidation - Skipping default response validation for http://localhost:43233/statements
2026-09-11 18:46:07.961 [Test worker @coroutine#2] TRACE i.k.c.p.c.ContentNegotiation - Response body was converted to class java.util.ArrayList for http://localhost:43233/statements.
2026-09-11 18:46:07.962 [Test worker @coroutine#2] TRACE i.k.c.p.c.ContentNegotiation - Adding Accept=application/json header for http://localhost:43233/statements?statementId=dfade316-c472-4353-bed8-130d9d00b8c5&related_activities=false&related_agents=false&format=canonical&attachments=false&ascending=false
2026-09-11 18:46:07.962 [Test worker @coroutine#2] TRACE i.k.c.p.c.ContentNegotiation - Body type class io.ktor.client.utils.EmptyContent is in ignored types. Skipping ContentNegotiation for http://localhost:43233/statements?statementId=dfade316-c472-4353-bed8-130d9d00b8c5&related_activities=false&related_agents=false&format=canonical&attachments=false&ascending=false.
2026-09-11 18:46:07.964 [eventLoopGroupProxy-13-1 @call-handler#71] TRACE io.ktor.server.routing.Routing - Trace for [statements]
/, segment:0 -> SUCCESS @ /
  /statements, segment:1 -> SUCCESS @ /statements
    /statements [(method:GET)], segment:1 -> SUCCESS @ /statements [(method:GET)]
    /statements [(method:POST)], segment:1 -> FAILURE "Selector didn't match" @ /statements [(method:POST)]
Matched routes:
  "" -> "statements" -> "(method:GET)"
Routing resolve result:
  SUCCESS @ /statements [(method:GET)]
2026-09-11 18:46:07.968 [Test worker @coroutine#2] TRACE io.ktor.client.plugins.SaveBody - Saving body for http://localhost:43233/statements?statementId=dfade316-c472-4353-bed8-130d9d00b8c5&related_activities=false&related_agents=false&format=canonical&attachments=false&ascending=false
2026-09-11 18:46:07.969 [Test worker @coroutine#2] TRACE i.k.client.plugins.HttpCallValidator - Validating response for request http://localhost:43233/statements?statementId=dfade316-c472-4353-bed8-130d9d00b8c5&related_activities=false&related_agents=false&format=canonical&attachments=false&ascending=false
2026-09-11 18:46:07.969 [Test worker @coroutine#2] TRACE i.k.c.p.DefaultResponseValidation - Skipping default response validation for http://localhost:43233/statements?statementId=dfade316-c472-4353-bed8-130d9d00b8c5&related_activities=false&related_agents=false&format=canonical&attachments=false&ascending=false
2026-09-11 18:46:07.971 [Test worker @coroutine#2] TRACE i.k.c.p.c.ContentNegotiation - Response body was converted to class world.respect.lib.xapi.model.XapiStatementResult for http://localhost:43233/statements?statementId=dfade316-c472-4353-bed8-130d9d00b8c5&related_activities=false&related_agents=false&format=canonical&attachments=false&ascending=false.
2026-09-11 18:46:07.973 [Test worker @coroutine#2] TRACE i.k.c.p.c.ContentNegotiation - Adding Accept=application/json header for http://localhost:43233/statements?statementId=dfade316-c472-4353-bed8-130d9d00b8c5&related_activities=false&related_agents=false&format=exact&attachments=false&ascending=false
2026-09-11 18:46:07.973 [Test worker @coroutine#2] TRACE i.k.c.p.c.ContentNegotiation - Body type class io.ktor.client.utils.EmptyContent is in ignored types. Skipping ContentNegotiation for http://localhost:43233/statements?statementId=dfade316-c472-4353-bed8-130d9d00b8c5&related_activities=false&related_agents=false&format=exact&attachments=false&ascending=false.
2026-09-11 18:46:07.978 [eventLoopGroupProxy-13-1 @call-handler#74] TRACE io.ktor.server.routing.Routing - Trace for [statements]
/, segment:0 -> SUCCESS @ /
  /statements, segment:1 -> SUCCESS @ /statements
    /statements [(method:GET)], segment:1 -> SUCCESS @ /statements [(method:GET)]
    /statements [(method:POST)], segment:1 -> FAILURE "Selector didn't match" @ /statements [(method:POST)]
Matched routes:
  "" -> "statements" -> "(method:GET)"
Routing resolve result:
  SUCCESS @ /statements [(method:GET)]
2026-09-11 18:46:07.984 [Test worker @coroutine#2] TRACE io.ktor.client.plugins.SaveBody - Saving body for http://localhost:43233/statements?statementId=dfade316-c472-4353-bed8-130d9d00b8c5&related_activities=false&related_agents=false&format=exact&attachments=false&ascending=false
2026-09-11 18:46:07.984 [Test worker @coroutine#2] TRACE i.k.client.plugins.HttpCallValidator - Validating response for request http://localhost:43233/statements?statementId=dfade316-c472-4353-bed8-130d9d00b8c5&related_activities=false&related_agents=false&format=exact&attachments=false&ascending=false
2026-09-11 18:46:07.984 [Test worker @coroutine#2] TRACE i.k.c.p.DefaultResponseValidation - Skipping default response validation for http://localhost:43233/statements?statementId=dfade316-c472-4353-bed8-130d9d00b8c5&related_activities=false&related_agents=false&format=exact&attachments=false&ascending=false
2026-09-11 18:46:07.985 [Test worker @coroutine#2] TRACE i.k.c.p.c.ContentNegotiation - Response body was converted to class world.respect.lib.xapi.model.XapiStatementResult for http://localhost:43233/statements?statementId=dfade316-c472-4353-bed8-130d9d00b8c5&related_activities=false&related_agents=false&format=exact&attachments=false&ascending=false.
2026-09-11 18:46:07.986 [Test worker @coroutine#2] TRACE i.k.c.p.c.ContentNegotiation - Adding Accept=application/json header for http://localhost:43233/statements?statementId=dfade316-c472-4353-bed8-130d9d00b8c5&related_activities=false&related_agents=false&format=ids&attachments=false&ascending=false
2026-09-11 18:46:07.986 [Test worker @coroutine#2] TRACE i.k.c.p.c.ContentNegotiation - Body type class io.ktor.client.utils.EmptyContent is in ignored types. Skipping ContentNegotiation for http://localhost:43233/statements?statementId=dfade316-c472-4353-bed8-130d9d00b8c5&related_activities=false&related_agents=false&format=ids&attachments=false&ascending=false.
2026-09-11 18:46:07.990 [eventLoopGroupProxy-13-1 @call-handler#77] TRACE io.ktor.server.routing.Routing - Trace for [statements]
/, segment:0 -> SUCCESS @ /
  /statements, segment:1 -> SUCCESS @ /statements
    /statements [(method:GET)], segment:1 -> SUCCESS @ /statements [(method:GET)]
    /statements [(method:POST)], segment:1 -> FAILURE "Selector didn't match" @ /statements [(method:POST)]
Matched routes:
  "" -> "statements" -> "(method:GET)"
Routing resolve result:
  SUCCESS @ /statements [(method:GET)]
2026-09-11 18:46:07.994 [Test worker @coroutine#2] TRACE io.ktor.client.plugins.SaveBody - Saving body for http://localhost:43233/statements?statementId=dfade316-c472-4353-bed8-130d9d00b8c5&related_activities=false&related_agents=false&format=ids&attachments=false&ascending=false
2026-09-11 18:46:07.994 [Test worker @coroutine#2] TRACE i.k.client.plugins.HttpCallValidator - Validating response for request http://localhost:43233/statements?statementId=dfade316-c472-4353-bed8-130d9d00b8c5&related_activities=false&related_agents=false&format=ids&attachments=false&ascending=false
2026-09-11 18:46:07.994 [Test worker @coroutine#2] TRACE i.k.c.p.DefaultResponseValidation - Skipping default response validation for http://localhost:43233/statements?statementId=dfade316-c472-4353-bed8-130d9d00b8c5&related_activities=false&related_agents=false&format=ids&attachments=false&ascending=false
2026-09-11 18:46:07.995 [Test worker @coroutine#2] TRACE i.k.c.p.c.ContentNegotiation - Response body was converted to class world.respect.lib.xapi.model.XapiStatementResult for http://localhost:43233/statements?statementId=dfade316-c472-4353-bed8-130d9d00b8c5&related_activities=false&related_agents=false&format=ids&attachments=false&ascending=false.
2026-09-11 18:46:08.009 [Test worker @coroutine#2] INFO  io.ktor.server.Application - Autoreload is disabled because the development mode is off.
2026-09-11 18:46:08.010 [Test worker @coroutine#2] INFO  io.ktor.server.Application - Application started in 0.001 seconds.
2026-09-11 18:46:08.012 [DefaultDispatcher-worker-3 @coroutine#82] INFO  io.ktor.server.Application - Responding at http://0.0.0.0:39959
2026-09-11 18:46:08.013 [Test worker @coroutine#2] TRACE i.k.c.p.c.ContentNegotiation - Adding Accept=application/json header for http://localhost:39959/statements
2026-09-11 18:46:08.014 [Test worker @coroutine#2] TRACE i.k.c.p.c.ContentNegotiation - Converted request body using io.ktor.serialization.kotlinx.KotlinxSerializationConverter@609319c3 for http://localhost:39959/statements
2026-09-11 18:46:08.014 [Test worker @coroutine#2] TRACE i.k.c.plugins.defaultTransformers - Transformed with default transformers request body for http://localhost:39959/statements from class io.ktor.http.content.TextContent
2026-09-11 18:46:08.018 [eventLoopGroupProxy-16-1 @call-handler#85] TRACE io.ktor.server.routing.Routing - Trace for [statements]
/, segment:0 -> SUCCESS @ /
  /statements, segment:1 -> SUCCESS @ /statements
    /statements [(method:GET)], segment:1 -> FAILURE "Selector didn't match" @ /statements [(method:GET)]
    /statements [(method:POST)], segment:1 -> SUCCESS @ /statements [(method:POST)]
Matched routes:
  "" -> "statements" -> "(method:POST)"
Routing resolve result:
  SUCCESS @ /statements [(method:POST)]
2026-09-11 18:46:08.018 [eventLoopGroupProxy-16-1 @call-handler#85] TRACE i.k.server.engine.DefaultTransform - No Default Transformations found for class io.ktor.utils.io.ByteChannel and expected type TypeInfo(kotlinx.serialization.json.JsonElement) for call /statements
2026-09-11 18:46:08.031 [Test worker @coroutine#2] TRACE io.ktor.client.plugins.SaveBody - Saving body for http://localhost:39959/statements
2026-09-11 18:46:08.032 [Test worker @coroutine#2] TRACE i.k.client.plugins.HttpCallValidator - Validating response for request http://localhost:39959/statements
2026-09-11 18:46:08.032 [Test worker @coroutine#2] TRACE i.k.c.p.DefaultResponseValidation - Skipping default response validation for http://localhost:39959/statements
2026-09-11 18:46:08.032 [Test worker @coroutine#2] TRACE i.k.c.p.c.ContentNegotiation - Response body was converted to class java.util.ArrayList for http://localhost:39959/statements.
2026-09-11 18:46:08.035 [Test worker @coroutine#2] TRACE i.k.c.p.c.ContentNegotiation - Adding Accept=application/json header for http://localhost:39959/statements?statementId=de11d1b6-dee5-48f4-a71e-faad7d013734&related_activities=false&related_agents=false&format=canonical&attachments=false&ascending=false
2026-09-11 18:46:08.035 [Test worker @coroutine#2] TRACE i.k.c.p.c.ContentNegotiation - Body type class io.ktor.client.utils.EmptyContent is in ignored types. Skipping ContentNegotiation for http://localhost:39959/statements?statementId=de11d1b6-dee5-48f4-a71e-faad7d013734&related_activities=false&related_agents=false&format=canonical&attachments=false&ascending=false.
2026-09-11 18:46:08.038 [eventLoopGroupProxy-16-1 @call-handler#90] TRACE io.ktor.server.routing.Routing - Trace for [statements]
/, segment:0 -> SUCCESS @ /
  /statements, segment:1 -> SUCCESS @ /statements
    /statements [(method:GET)], segment:1 -> SUCCESS @ /statements [(method:GET)]
    /statements [(method:POST)], segment:1 -> FAILURE "Selector didn't match" @ /statements [(method:POST)]
Matched routes:
  "" -> "statements" -> "(method:GET)"
Routing resolve result:
  SUCCESS @ /statements [(method:GET)]
2026-09-11 18:46:08.047 [Test worker @coroutine#2] TRACE io.ktor.client.plugins.SaveBody - Saving body for http://localhost:39959/statements?statementId=de11d1b6-dee5-48f4-a71e-faad7d013734&related_activities=false&related_agents=false&format=canonical&attachments=false&ascending=false
2026-09-11 18:46:08.047 [Test worker @coroutine#2] TRACE i.k.client.plugins.HttpCallValidator - Validating response for request http://localhost:39959/statements?statementId=de11d1b6-dee5-48f4-a71e-faad7d013734&related_activities=false&related_agents=false&format=canonical&attachments=false&ascending=false
2026-09-11 18:46:08.047 [Test worker @coroutine#2] TRACE i.k.c.p.DefaultResponseValidation - Skipping default response validation for http://localhost:39959/statements?statementId=de11d1b6-dee5-48f4-a71e-faad7d013734&related_activities=false&related_agents=false&format=canonical&attachments=false&ascending=false
2026-09-11 18:46:08.048 [Test worker @coroutine#2] TRACE i.k.c.p.c.ContentNegotiation - Response body was converted to class world.respect.lib.xapi.model.XapiStatementResult for http://localhost:39959/statements?statementId=de11d1b6-dee5-48f4-a71e-faad7d013734&related_activities=false&related_agents=false&format=canonical&attachments=false&ascending=false.
2026-09-11 18:46:08.049 [Test worker @coroutine#2] TRACE i.k.c.p.c.ContentNegotiation - Adding Accept=application/json header for http://localhost:39959/statements?statementId=de11d1b6-dee5-48f4-a71e-faad7d013734&related_activities=false&related_agents=false&format=exact&attachments=false&ascending=false
2026-09-11 18:46:08.049 [Test worker @coroutine#2] TRACE i.k.c.p.c.ContentNegotiation - Body type class io.ktor.client.utils.EmptyContent is in ignored types. Skipping ContentNegotiation for http://localhost:39959/statements?statementId=de11d1b6-dee5-48f4-a71e-faad7d013734&related_activities=false&related_agents=false&format=exact&attachments=false&ascending=false.
2026-09-11 18:46:08.051 [eventLoopGroupProxy-16-1 @call-handler#93] TRACE io.ktor.server.routing.Routing - Trace for [statements]
/, segment:0 -> SUCCESS @ /
  /statements, segment:1 -> SUCCESS @ /statements
    /statements [(method:GET)], segment:1 -> SUCCESS @ /statements [(method:GET)]
    /statements [(method:POST)], segment:1 -> FAILURE "Selector didn't match" @ /statements [(method:POST)]
Matched routes:
  "" -> "statements" -> "(method:GET)"
Routing resolve result:
  SUCCESS @ /statements [(method:GET)]
2026-09-11 18:46:08.061 [Test worker @coroutine#2] TRACE io.ktor.client.plugins.SaveBody - Saving body for http://localhost:39959/statements?statementId=de11d1b6-dee5-48f4-a71e-faad7d013734&related_activities=false&related_agents=false&format=exact&attachments=false&ascending=false
2026-09-11 18:46:08.061 [Test worker @coroutine#2] TRACE i.k.client.plugins.HttpCallValidator - Validating response for request http://localhost:39959/statements?statementId=de11d1b6-dee5-48f4-a71e-faad7d013734&related_activities=false&related_agents=false&format=exact&attachments=false&ascending=false
2026-09-11 18:46:08.062 [Test worker @coroutine#2] TRACE i.k.c.p.DefaultResponseValidation - Skipping default response validation for http://localhost:39959/statements?statementId=de11d1b6-dee5-48f4-a71e-faad7d013734&related_activities=false&related_agents=false&format=exact&attachments=false&ascending=false
2026-09-11 18:46:08.063 [Test worker @coroutine#2] TRACE i.k.c.p.c.ContentNegotiation - Response body was converted to class world.respect.lib.xapi.model.XapiStatementResult for http://localhost:39959/statements?statementId=de11d1b6-dee5-48f4-a71e-faad7d013734&related_activities=false&related_agents=false&format=exact&attachments=false&ascending=false.
2026-09-11 18:46:08.064 [Test worker @coroutine#2] TRACE i.k.c.p.c.ContentNegotiation - Adding Accept=application/json header for http://localhost:39959/statements?statementId=de11d1b6-dee5-48f4-a71e-faad7d013734&related_activities=false&related_agents=false&format=ids&attachments=false&ascending=false
2026-09-11 18:46:08.064 [Test worker @coroutine#2] TRACE i.k.c.p.c.ContentNegotiation - Body type class io.ktor.client.utils.EmptyContent is in ignored types. Skipping ContentNegotiation for http://localhost:39959/statements?statementId=de11d1b6-dee5-48f4-a71e-faad7d013734&related_activities=false&related_agents=false&format=ids&attachments=false&ascending=false.
2026-09-11 18:46:08.066 [eventLoopGroupProxy-16-1 @call-handler#96] TRACE io.ktor.server.routing.Routing - Trace for [statements]
/, segment:0 -> SUCCESS @ /
  /statements, segment:1 -> SUCCESS @ /statements
    /statements [(method:GET)], segment:1 -> SUCCESS @ /statements [(method:GET)]
    /statements [(method:POST)], segment:1 -> FAILURE "Selector didn't match" @ /statements [(method:POST)]
Matched routes:
  "" -> "statements" -> "(method:GET)"
Routing resolve result:
  SUCCESS @ /statements [(method:GET)]
2026-09-11 18:46:08.071 [Test worker @coroutine#2] TRACE io.ktor.client.plugins.SaveBody - Saving body for http://localhost:39959/statements?statementId=de11d1b6-dee5-48f4-a71e-faad7d013734&related_activities=false&related_agents=false&format=ids&attachments=false&ascending=false
2026-09-11 18:46:08.072 [Test worker @coroutine#2] TRACE i.k.client.plugins.HttpCallValidator - Validating response for request http://localhost:39959/statements?statementId=de11d1b6-dee5-48f4-a71e-faad7d013734&related_activities=false&related_agents=false&format=ids&attachments=false&ascending=false
2026-09-11 18:46:08.072 [Test worker @coroutine#2] TRACE i.k.c.p.DefaultResponseValidation - Skipping default response validation for http://localhost:39959/statements?statementId=de11d1b6-dee5-48f4-a71e-faad7d013734&related_activities=false&related_agents=false&format=ids&attachments=false&ascending=false
2026-09-11 18:46:08.072 [Test worker @coroutine#2] TRACE i.k.c.p.c.ContentNegotiation - Response body was converted to class world.respect.lib.xapi.model.XapiStatementResult for http://localhost:39959/statements?statementId=de11d1b6-dee5-48f4-a71e-faad7d013734&related_activities=false&related_agents=false&format=ids&attachments=false&ascending=false.
2026-09-11 18:46:08.088 [Test worker @coroutine#2] INFO  io.ktor.server.Application - Autoreload is disabled because the development mode is off.
2026-09-11 18:46:08.089 [Test worker @coroutine#2] INFO  io.ktor.server.Application - Application started in 0.001 seconds.
2026-09-11 18:46:08.091 [DefaultDispatcher-worker-3 @coroutine#101] INFO  io.ktor.server.Application - Responding at http://0.0.0.0:39553
2026-09-11 18:46:08.092 [Test worker @coroutine#2] TRACE i.k.c.p.c.ContentNegotiation - Adding Accept=application/json header for http://localhost:39553/statements
2026-09-11 18:46:08.093 [Test worker @coroutine#2] TRACE i.k.c.p.c.ContentNegotiation - Converted request body using io.ktor.serialization.kotlinx.KotlinxSerializationConverter@609319c3 for http://localhost:39553/statements
2026-09-11 18:46:08.093 [Test worker @coroutine#2] TRACE i.k.c.plugins.defaultTransformers - Transformed with default transformers request body for http://localhost:39553/statements from class io.ktor.http.content.TextContent
2026-09-11 18:46:08.099 [eventLoopGroupProxy-19-1 @call-handler#104] TRACE io.ktor.server.routing.Routing - Trace for [statements]
/, segment:0 -> SUCCESS @ /
  /statements, segment:1 -> SUCCESS @ /statements
    /statements [(method:GET)], segment:1 -> FAILURE "Selector didn't match" @ /statements [(method:GET)]
    /statements [(method:POST)], segment:1 -> SUCCESS @ /statements [(method:POST)]
Matched routes:
  "" -> "statements" -> "(method:POST)"
Routing resolve result:
  SUCCESS @ /statements [(method:POST)]
2026-09-11 18:46:08.100 [eventLoopGroupProxy-19-1 @call-handler#104] TRACE i.k.server.engine.DefaultTransform - No Default Transformations found for class io.ktor.utils.io.ByteChannel and expected type TypeInfo(kotlinx.serialization.json.JsonElement) for call /statements
2026-09-11 18:46:08.111 [Test worker @coroutine#2] TRACE io.ktor.client.plugins.SaveBody - Saving body for http://localhost:39553/statements
2026-09-11 18:46:08.112 [Test worker @coroutine#2] TRACE i.k.client.plugins.HttpCallValidator - Validating response for request http://localhost:39553/statements
2026-09-11 18:46:08.112 [Test worker @coroutine#2] TRACE i.k.c.p.DefaultResponseValidation - Skipping default response validation for http://localhost:39553/statements
2026-09-11 18:46:08.112 [Test worker @coroutine#2] TRACE i.k.c.p.c.ContentNegotiation - Response body was converted to class java.util.ArrayList for http://localhost:39553/statements.
2026-09-11 18:46:08.113 [Test worker @coroutine#2] TRACE i.k.c.p.c.ContentNegotiation - Adding Accept=application/json header for http://localhost:39553/statements?statementId=cf146569-9d5f-41c6-ad09-ce59a3d396b2&related_activities=false&related_agents=false&format=canonical&attachments=false&ascending=false
2026-09-11 18:46:08.113 [Test worker @coroutine#2] TRACE i.k.c.p.c.ContentNegotiation - Body type class io.ktor.client.utils.EmptyContent is in ignored types. Skipping ContentNegotiation for http://localhost:39553/statements?statementId=cf146569-9d5f-41c6-ad09-ce59a3d396b2&related_activities=false&related_agents=false&format=canonical&attachments=false&ascending=false.
2026-09-11 18:46:08.116 [eventLoopGroupProxy-19-1 @call-handler#109] TRACE io.ktor.server.routing.Routing - Trace for [statements]
/, segment:0 -> SUCCESS @ /
  /statements, segment:1 -> SUCCESS @ /statements
    /statements [(method:GET)], segment:1 -> SUCCESS @ /statements [(method:GET)]
    /statements [(method:POST)], segment:1 -> FAILURE "Selector didn't match" @ /statements [(method:POST)]
Matched routes:
  "" -> "statements" -> "(method:GET)"
Routing resolve result:
  SUCCESS @ /statements [(method:GET)]
2026-09-11 18:46:08.121 [Test worker @coroutine#2] TRACE io.ktor.client.plugins.SaveBody - Saving body for http://localhost:39553/statements?statementId=cf146569-9d5f-41c6-ad09-ce59a3d396b2&related_activities=false&related_agents=false&format=canonical&attachments=false&ascending=false
2026-09-11 18:46:08.122 [Test worker @coroutine#2] TRACE i.k.client.plugins.HttpCallValidator - Validating response for request http://localhost:39553/statements?statementId=cf146569-9d5f-41c6-ad09-ce59a3d396b2&related_activities=false&related_agents=false&format=canonical&attachments=false&ascending=false
2026-09-11 18:46:08.122 [Test worker @coroutine#2] TRACE i.k.c.p.DefaultResponseValidation - Skipping default response validation for http://localhost:39553/statements?statementId=cf146569-9d5f-41c6-ad09-ce59a3d396b2&related_activities=false&related_agents=false&format=canonical&attachments=false&ascending=false
2026-09-11 18:46:08.122 [Test worker @coroutine#2] TRACE i.k.c.p.c.ContentNegotiation - Response body was converted to class world.respect.lib.xapi.model.XapiStatementResult for http://localhost:39553/statements?statementId=cf146569-9d5f-41c6-ad09-ce59a3d396b2&related_activities=false&related_agents=false&format=canonical&attachments=false&ascending=false.
2026-09-11 18:46:08.123 [Test worker @coroutine#2] TRACE i.k.c.p.c.ContentNegotiation - Adding Accept=application/json header for http://localhost:39553/statements?statementId=cf146569-9d5f-41c6-ad09-ce59a3d396b2&related_activities=false&related_agents=false&format=exact&attachments=false&ascending=false
2026-09-11 18:46:08.123 [Test worker @coroutine#2] TRACE i.k.c.p.c.ContentNegotiation - Body type class io.ktor.client.utils.EmptyContent is in ignored types. Skipping ContentNegotiation for http://localhost:39553/statements?statementId=cf146569-9d5f-41c6-ad09-ce59a3d396b2&related_activities=false&related_agents=false&format=exact&attachments=false&ascending=false.
2026-09-11 18:46:08.125 [eventLoopGroupProxy-19-1 @call-handler#112] TRACE io.ktor.server.routing.Routing - Trace for [statements]
/, segment:0 -> SUCCESS @ /
  /statements, segment:1 -> SUCCESS @ /statements
    /statements [(method:GET)], segment:1 -> SUCCESS @ /statements [(method:GET)]
    /statements [(method:POST)], segment:1 -> FAILURE "Selector didn't match" @ /statements [(method:POST)]
Matched routes:
  "" -> "statements" -> "(method:GET)"
Routing resolve result:
  SUCCESS @ /statements [(method:GET)]
2026-09-11 18:46:08.128 [Test worker @coroutine#2] TRACE io.ktor.client.plugins.SaveBody - Saving body for http://localhost:39553/statements?statementId=cf146569-9d5f-41c6-ad09-ce59a3d396b2&related_activities=false&related_agents=false&format=exact&attachments=false&ascending=false
2026-09-11 18:46:08.128 [Test worker @coroutine#2] TRACE i.k.client.plugins.HttpCallValidator - Validating response for request http://localhost:39553/statements?statementId=cf146569-9d5f-41c6-ad09-ce59a3d396b2&related_activities=false&related_agents=false&format=exact&attachments=false&ascending=false
2026-09-11 18:46:08.128 [Test worker @coroutine#2] TRACE i.k.c.p.DefaultResponseValidation - Skipping default response validation for http://localhost:39553/statements?statementId=cf146569-9d5f-41c6-ad09-ce59a3d396b2&related_activities=false&related_agents=false&format=exact&attachments=false&ascending=false
2026-09-11 18:46:08.129 [Test worker @coroutine#2] TRACE i.k.c.p.c.ContentNegotiation - Response body was converted to class world.respect.lib.xapi.model.XapiStatementResult for http://localhost:39553/statements?statementId=cf146569-9d5f-41c6-ad09-ce59a3d396b2&related_activities=false&related_agents=false&format=exact&attachments=false&ascending=false.
2026-09-11 18:46:08.129 [Test worker @coroutine#2] TRACE i.k.c.p.c.ContentNegotiation - Adding Accept=application/json header for http://localhost:39553/statements?statementId=cf146569-9d5f-41c6-ad09-ce59a3d396b2&related_activities=false&related_agents=false&format=ids&attachments=false&ascending=false
2026-09-11 18:46:08.130 [Test worker @coroutine#2] TRACE i.k.c.p.c.ContentNegotiation - Body type class io.ktor.client.utils.EmptyContent is in ignored types. Skipping ContentNegotiation for http://localhost:39553/statements?statementId=cf146569-9d5f-41c6-ad09-ce59a3d396b2&related_activities=false&related_agents=false&format=ids&attachments=false&ascending=false.
2026-09-11 18:46:08.131 [eventLoopGroupProxy-19-1 @call-handler#115] TRACE io.ktor.server.routing.Routing - Trace for [statements]
/, segment:0 -> SUCCESS @ /
  /statements, segment:1 -> SUCCESS @ /statements
    /statements [(method:GET)], segment:1 -> SUCCESS @ /statements [(method:GET)]
    /statements [(method:POST)], segment:1 -> FAILURE "Selector didn't match" @ /statements [(method:POST)]
Matched routes:
  "" -> "statements" -> "(method:GET)"
Routing resolve result:
  SUCCESS @ /statements [(method:GET)]
2026-09-11 18:46:08.134 [Test worker @coroutine#2] TRACE io.ktor.client.plugins.SaveBody - Saving body for http://localhost:39553/statements?statementId=cf146569-9d5f-41c6-ad09-ce59a3d396b2&related_activities=false&related_agents=false&format=ids&attachments=false&ascending=false
2026-09-11 18:46:08.135 [Test worker @coroutine#2] TRACE i.k.client.plugins.HttpCallValidator - Validating response for request http://localhost:39553/statements?statementId=cf146569-9d5f-41c6-ad09-ce59a3d396b2&related_activities=false&related_agents=false&format=ids&attachments=false&ascending=false
2026-09-11 18:46:08.135 [Test worker @coroutine#2] TRACE i.k.c.p.DefaultResponseValidation - Skipping default response validation for http://localhost:39553/statements?statementId=cf146569-9d5f-41c6-ad09-ce59a3d396b2&related_activities=false&related_agents=false&format=ids&attachments=false&ascending=false
2026-09-11 18:46:08.135 [Test worker @coroutine#2] TRACE i.k.c.p.c.ContentNegotiation - Response body was converted to class world.respect.lib.xapi.model.XapiStatementResult for http://localhost:39553/statements?statementId=cf146569-9d5f-41c6-ad09-ce59a3d396b2&related_activities=false&related_agents=false&format=ids&attachments=false&ascending=false.
2026-09-11 18:46:08.146 [Test worker @coroutine#2] INFO  io.ktor.server.Application - Autoreload is disabled because the development mode is off.
2026-09-11 18:46:08.146 [Test worker @coroutine#2] INFO  io.ktor.server.Application - Application started in 0.001 seconds.
2026-09-11 18:46:08.150 [DefaultDispatcher-worker-5 @coroutine#120] INFO  io.ktor.server.Application - Responding at http://0.0.0.0:40293
2026-09-11 18:46:08.151 [Test worker @coroutine#2] TRACE i.k.c.p.c.ContentNegotiation - Adding Accept=application/json header for http://localhost:40293/statements
2026-09-11 18:46:08.152 [Test worker @coroutine#2] TRACE i.k.c.p.c.ContentNegotiation - Converted request body using io.ktor.serialization.kotlinx.KotlinxSerializationConverter@609319c3 for http://localhost:40293/statements
2026-09-11 18:46:08.153 [Test worker @coroutine#2] TRACE i.k.c.plugins.defaultTransformers - Transformed with default transformers request body for http://localhost:40293/statements from class io.ktor.http.content.TextContent
2026-09-11 18:46:08.156 [eventLoopGroupProxy-22-1 @call-handler#123] TRACE io.ktor.server.routing.Routing - Trace for [statements]
/, segment:0 -> SUCCESS @ /
  /statements, segment:1 -> SUCCESS @ /statements
    /statements [(method:GET)], segment:1 -> FAILURE "Selector didn't match" @ /statements [(method:GET)]
    /statements [(method:POST)], segment:1 -> SUCCESS @ /statements [(method:POST)]
Matched routes:
  "" -> "statements" -> "(method:POST)"
Routing resolve result:
  SUCCESS @ /statements [(method:POST)]
2026-09-11 18:46:08.157 [eventLoopGroupProxy-22-1 @call-handler#123] TRACE i.k.server.engine.DefaultTransform - No Default Transformations found for class io.ktor.utils.io.ByteChannel and expected type TypeInfo(kotlinx.serialization.json.JsonElement) for call /statements
2026-09-11 18:46:08.162 [Test worker @coroutine#2] TRACE io.ktor.client.plugins.SaveBody - Saving body for http://localhost:40293/statements
2026-09-11 18:46:08.162 [Test worker @coroutine#2] TRACE i.k.client.plugins.HttpCallValidator - Validating response for request http://localhost:40293/statements
2026-09-11 18:46:08.162 [Test worker @coroutine#2] TRACE i.k.c.p.DefaultResponseValidation - Skipping default response validation for http://localhost:40293/statements
2026-09-11 18:46:08.163 [Test worker @coroutine#2] TRACE i.k.c.p.c.ContentNegotiation - Response body was converted to class java.util.ArrayList for http://localhost:40293/statements.
2026-09-11 18:46:08.164 [Test worker @coroutine#2] TRACE i.k.c.p.c.ContentNegotiation - Adding Accept=application/json header for http://localhost:40293/statements?statementId=e2c5f5a6-5c3d-4e1c-a08e-265b54e560f8&related_activities=false&related_agents=false&format=canonical&attachments=false&ascending=false
2026-09-11 18:46:08.164 [Test worker @coroutine#2] TRACE i.k.c.p.c.ContentNegotiation - Body type class io.ktor.client.utils.EmptyContent is in ignored types. Skipping ContentNegotiation for http://localhost:40293/statements?statementId=e2c5f5a6-5c3d-4e1c-a08e-265b54e560f8&related_activities=false&related_agents=false&format=canonical&attachments=false&ascending=false.
2026-09-11 18:46:08.166 [eventLoopGroupProxy-22-1 @call-handler#128] TRACE io.ktor.server.routing.Routing - Trace for [statements]
/, segment:0 -> SUCCESS @ /
  /statements, segment:1 -> SUCCESS @ /statements
    /statements [(method:GET)], segment:1 -> SUCCESS @ /statements [(method:GET)]
    /statements [(method:POST)], segment:1 -> FAILURE "Selector didn't match" @ /statements [(method:POST)]
Matched routes:
  "" -> "statements" -> "(method:GET)"
Routing resolve result:
  SUCCESS @ /statements [(method:GET)]
2026-09-11 18:46:08.171 [Test worker @coroutine#2] TRACE io.ktor.client.plugins.SaveBody - Saving body for http://localhost:40293/statements?statementId=e2c5f5a6-5c3d-4e1c-a08e-265b54e560f8&related_activities=false&related_agents=false&format=canonical&attachments=false&ascending=false
2026-09-11 18:46:08.171 [Test worker @coroutine#2] TRACE i.k.client.plugins.HttpCallValidator - Validating response for request http://localhost:40293/statements?statementId=e2c5f5a6-5c3d-4e1c-a08e-265b54e560f8&related_activities=false&related_agents=false&format=canonical&attachments=false&ascending=false
2026-09-11 18:46:08.171 [Test worker @coroutine#2] TRACE i.k.c.p.DefaultResponseValidation - Skipping default response validation for http://localhost:40293/statements?statementId=e2c5f5a6-5c3d-4e1c-a08e-265b54e560f8&related_activities=false&related_agents=false&format=canonical&attachments=false&ascending=false
2026-09-11 18:46:08.172 [Test worker @coroutine#2] TRACE i.k.c.p.c.ContentNegotiation - Response body was converted to class world.respect.lib.xapi.model.XapiStatementResult for http://localhost:40293/statements?statementId=e2c5f5a6-5c3d-4e1c-a08e-265b54e560f8&related_activities=false&related_agents=false&format=canonical&attachments=false&ascending=false.
2026-09-11 18:46:08.172 [Test worker @coroutine#2] TRACE i.k.c.p.c.ContentNegotiation - Adding Accept=application/json header for http://localhost:40293/statements?statementId=e2c5f5a6-5c3d-4e1c-a08e-265b54e560f8&related_activities=false&related_agents=false&format=exact&attachments=false&ascending=false
2026-09-11 18:46:08.172 [Test worker @coroutine#2] TRACE i.k.c.p.c.ContentNegotiation - Body type class io.ktor.client.utils.EmptyContent is in ignored types. Skipping ContentNegotiation for http://localhost:40293/statements?statementId=e2c5f5a6-5c3d-4e1c-a08e-265b54e560f8&related_activities=false&related_agents=false&format=exact&attachments=false&ascending=false.
2026-09-11 18:46:08.174 [eventLoopGroupProxy-22-1 @call-handler#131] TRACE io.ktor.server.routing.Routing - Trace for [statements]
/, segment:0 -> SUCCESS @ /
  /statements, segment:1 -> SUCCESS @ /statements
    /statements [(method:GET)], segment:1 -> SUCCESS @ /statements [(method:GET)]
    /statements [(method:POST)], segment:1 -> FAILURE "Selector didn't match" @ /statements [(method:POST)]
Matched routes:
  "" -> "statements" -> "(method:GET)"
Routing resolve result:
  SUCCESS @ /statements [(method:GET)]
2026-09-11 18:46:08.178 [Test worker @coroutine#2] TRACE io.ktor.client.plugins.SaveBody - Saving body for http://localhost:40293/statements?statementId=e2c5f5a6-5c3d-4e1c-a08e-265b54e560f8&related_activities=false&related_agents=false&format=exact&attachments=false&ascending=false
2026-09-11 18:46:08.178 [Test worker @coroutine#2] TRACE i.k.client.plugins.HttpCallValidator - Validating response for request http://localhost:40293/statements?statementId=e2c5f5a6-5c3d-4e1c-a08e-265b54e560f8&related_activities=false&related_agents=false&format=exact&attachments=false&ascending=false
2026-09-11 18:46:08.178 [Test worker @coroutine#2] TRACE i.k.c.p.DefaultResponseValidation - Skipping default response validation for http://localhost:40293/statements?statementId=e2c5f5a6-5c3d-4e1c-a08e-265b54e560f8&related_activities=false&related_agents=false&format=exact&attachments=false&ascending=false
2026-09-11 18:46:08.179 [Test worker @coroutine#2] TRACE i.k.c.p.c.ContentNegotiation - Response body was converted to class world.respect.lib.xapi.model.XapiStatementResult for http://localhost:40293/statements?statementId=e2c5f5a6-5c3d-4e1c-a08e-265b54e560f8&related_activities=false&related_agents=false&format=exact&attachments=false&ascending=false.
2026-09-11 18:46:08.179 [Test worker @coroutine#2] TRACE i.k.c.p.c.ContentNegotiation - Adding Accept=application/json header for http://localhost:40293/statements?statementId=e2c5f5a6-5c3d-4e1c-a08e-265b54e560f8&related_activities=false&related_agents=false&format=ids&attachments=false&ascending=false
2026-09-11 18:46:08.179 [Test worker @coroutine#2] TRACE i.k.c.p.c.ContentNegotiation - Body type class io.ktor.client.utils.EmptyContent is in ignored types. Skipping ContentNegotiation for http://localhost:40293/statements?statementId=e2c5f5a6-5c3d-4e1c-a08e-265b54e560f8&related_activities=false&related_agents=false&format=ids&attachments=false&ascending=false.
2026-09-11 18:46:08.181 [eventLoopGroupProxy-22-1 @call-handler#134] TRACE io.ktor.server.routing.Routing - Trace for [statements]
/, segment:0 -> SUCCESS @ /
  /statements, segment:1 -> SUCCESS @ /statements
    /statements [(method:GET)], segment:1 -> SUCCESS @ /statements [(method:GET)]
    /statements [(method:POST)], segment:1 -> FAILURE "Selector didn't match" @ /statements [(method:POST)]
Matched routes:
  "" -> "statements" -> "(method:GET)"
Routing resolve result:
  SUCCESS @ /statements [(method:GET)]
2026-09-11 18:46:08.183 [Test worker @coroutine#2] TRACE io.ktor.client.plugins.SaveBody - Saving body for http://localhost:40293/statements?statementId=e2c5f5a6-5c3d-4e1c-a08e-265b54e560f8&related_activities=false&related_agents=false&format=ids&attachments=false&ascending=false
2026-09-11 18:46:08.183 [Test worker @coroutine#2] TRACE i.k.client.plugins.HttpCallValidator - Validating response for request http://localhost:40293/statements?statementId=e2c5f5a6-5c3d-4e1c-a08e-265b54e560f8&related_activities=false&related_agents=false&format=ids&attachments=false&ascending=false
2026-09-11 18:46:08.183 [Test worker @coroutine#2] TRACE i.k.c.p.DefaultResponseValidation - Skipping default response validation for http://localhost:40293/statements?statementId=e2c5f5a6-5c3d-4e1c-a08e-265b54e560f8&related_activities=false&related_agents=false&format=ids&attachments=false&ascending=false
2026-09-11 18:46:08.184 [Test worker @coroutine#2] TRACE i.k.c.p.c.ContentNegotiation - Response body was converted to class world.respect.lib.xapi.model.XapiStatementResult for http://localhost:40293/statements?statementId=e2c5f5a6-5c3d-4e1c-a08e-265b54e560f8&related_activities=false&related_agents=false&format=ids&attachments=false&ascending=false.
2026-09-11 18:46:08.191 [Test worker @coroutine#2] INFO  io.ktor.server.Application - Autoreload is disabled because the development mode is off.
2026-09-11 18:46:08.191 [Test worker @coroutine#2] INFO  io.ktor.server.Application - Application started in 0.0 seconds.
2026-09-11 18:46:08.194 [DefaultDispatcher-worker-5 @coroutine#139] INFO  io.ktor.server.Application - Responding at http://0.0.0.0:41163
2026-09-11 18:46:08.195 [Test worker @coroutine#2] TRACE i.k.c.p.c.ContentNegotiation - Adding Accept=application/json header for http://localhost:41163/statements
2026-09-11 18:46:08.195 [Test worker @coroutine#2] TRACE i.k.c.p.c.ContentNegotiation - Converted request body using io.ktor.serialization.kotlinx.KotlinxSerializationConverter@609319c3 for http://localhost:41163/statements
2026-09-11 18:46:08.195 [Test worker @coroutine#2] TRACE i.k.c.plugins.defaultTransformers - Transformed with default transformers request body for http://localhost:41163/statements from class io.ktor.http.content.TextContent
2026-09-11 18:46:08.200 [eventLoopGroupProxy-25-1 @call-handler#142] TRACE io.ktor.server.routing.Routing - Trace for [statements]
/, segment:0 -> SUCCESS @ /
  /statements, segment:1 -> SUCCESS @ /statements
    /statements [(method:GET)], segment:1 -> FAILURE "Selector didn't match" @ /statements [(method:GET)]
    /statements [(method:POST)], segment:1 -> SUCCESS @ /statements [(method:POST)]
Matched routes:
  "" -> "statements" -> "(method:POST)"
Routing resolve result:
  SUCCESS @ /statements [(method:POST)]
2026-09-11 18:46:08.200 [eventLoopGroupProxy-25-1 @call-handler#142] TRACE i.k.server.engine.DefaultTransform - No Default Transformations found for class io.ktor.utils.io.ByteChannel and expected type TypeInfo(kotlinx.serialization.json.JsonElement) for call /statements
2026-09-11 18:46:08.206 [Test worker @coroutine#2] TRACE io.ktor.client.plugins.SaveBody - Saving body for http://localhost:41163/statements
2026-09-11 18:46:08.206 [Test worker @coroutine#2] TRACE i.k.client.plugins.HttpCallValidator - Validating response for request http://localhost:41163/statements
2026-09-11 18:46:08.206 [Test worker @coroutine#2] TRACE i.k.c.p.DefaultResponseValidation - Skipping default response validation for http://localhost:41163/statements
2026-09-11 18:46:08.207 [Test worker @coroutine#2] TRACE i.k.c.p.c.ContentNegotiation - Response body was converted to class java.util.ArrayList for http://localhost:41163/statements.
2026-09-11 18:46:08.209 [Test worker @coroutine#2] TRACE i.k.c.p.c.ContentNegotiation - Adding Accept=application/json header for http://localhost:41163/statements?statementId=509ed928-6c7f-427d-9547-beb09c31f095&related_activities=false&related_agents=false&format=canonical&attachments=false&ascending=false
2026-09-11 18:46:08.209 [Test worker @coroutine#2] TRACE i.k.c.p.c.ContentNegotiation - Body type class io.ktor.client.utils.EmptyContent is in ignored types. Skipping ContentNegotiation for http://localhost:41163/statements?statementId=509ed928-6c7f-427d-9547-beb09c31f095&related_activities=false&related_agents=false&format=canonical&attachments=false&ascending=false.
2026-09-11 18:46:08.211 [eventLoopGroupProxy-25-1 @call-handler#147] TRACE io.ktor.server.routing.Routing - Trace for [statements]
/, segment:0 -> SUCCESS @ /
  /statements, segment:1 -> SUCCESS @ /statements
    /statements [(method:GET)], segment:1 -> SUCCESS @ /statements [(method:GET)]
    /statements [(method:POST)], segment:1 -> FAILURE "Selector didn't match" @ /statements [(method:POST)]
Matched routes:
  "" -> "statements" -> "(method:GET)"
Routing resolve result:
  SUCCESS @ /statements [(method:GET)]
2026-09-11 18:46:08.215 [Test worker @coroutine#2] TRACE io.ktor.client.plugins.SaveBody - Saving body for http://localhost:41163/statements?statementId=509ed928-6c7f-427d-9547-beb09c31f095&related_activities=false&related_agents=false&format=canonical&attachments=false&ascending=false
2026-09-11 18:46:08.215 [Test worker @coroutine#2] TRACE i.k.client.plugins.HttpCallValidator - Validating response for request http://localhost:41163/statements?statementId=509ed928-6c7f-427d-9547-beb09c31f095&related_activities=false&related_agents=false&format=canonical&attachments=false&ascending=false
2026-09-11 18:46:08.215 [Test worker @coroutine#2] TRACE i.k.c.p.DefaultResponseValidation - Skipping default response validation for http://localhost:41163/statements?statementId=509ed928-6c7f-427d-9547-beb09c31f095&related_activities=false&related_agents=false&format=canonical&attachments=false&ascending=false
2026-09-11 18:46:08.216 [Test worker @coroutine#2] TRACE i.k.c.p.c.ContentNegotiation - Response body was converted to class world.respect.lib.xapi.model.XapiStatementResult for http://localhost:41163/statements?statementId=509ed928-6c7f-427d-9547-beb09c31f095&related_activities=false&related_agents=false&format=canonical&attachments=false&ascending=false.
2026-09-11 18:46:08.216 [Test worker @coroutine#2] TRACE i.k.c.p.c.ContentNegotiation - Adding Accept=application/json header for http://localhost:41163/statements?statementId=509ed928-6c7f-427d-9547-beb09c31f095&related_activities=false&related_agents=false&format=exact&attachments=false&ascending=false
2026-09-11 18:46:08.216 [Test worker @coroutine#2] TRACE i.k.c.p.c.ContentNegotiation - Body type class io.ktor.client.utils.EmptyContent is in ignored types. Skipping ContentNegotiation for http://localhost:41163/statements?statementId=509ed928-6c7f-427d-9547-beb09c31f095&related_activities=false&related_agents=false&format=exact&attachments=false&ascending=false.
2026-09-11 18:46:08.218 [eventLoopGroupProxy-25-1 @call-handler#150] TRACE io.ktor.server.routing.Routing - Trace for [statements]
/, segment:0 -> SUCCESS @ /
  /statements, segment:1 -> SUCCESS @ /statements
    /statements [(method:GET)], segment:1 -> SUCCESS @ /statements [(method:GET)]
    /statements [(method:POST)], segment:1 -> FAILURE "Selector didn't match" @ /statements [(method:POST)]
Matched routes:
  "" -> "statements" -> "(method:GET)"
Routing resolve result:
  SUCCESS @ /statements [(method:GET)]
2026-09-11 18:46:08.222 [Test worker @coroutine#2] TRACE io.ktor.client.plugins.SaveBody - Saving body for http://localhost:41163/statements?statementId=509ed928-6c7f-427d-9547-beb09c31f095&related_activities=false&related_agents=false&format=exact&attachments=false&ascending=false
2026-09-11 18:46:08.222 [Test worker @coroutine#2] TRACE i.k.client.plugins.HttpCallValidator - Validating response for request http://localhost:41163/statements?statementId=509ed928-6c7f-427d-9547-beb09c31f095&related_activities=false&related_agents=false&format=exact&attachments=false&ascending=false
2026-09-11 18:46:08.222 [Test worker @coroutine#2] TRACE i.k.c.p.DefaultResponseValidation - Skipping default response validation for http://localhost:41163/statements?statementId=509ed928-6c7f-427d-9547-beb09c31f095&related_activities=false&related_agents=false&format=exact&attachments=false&ascending=false
2026-09-11 18:46:08.223 [Test worker @coroutine#2] TRACE i.k.c.p.c.ContentNegotiation - Response body was converted to class world.respect.lib.xapi.model.XapiStatementResult for http://localhost:41163/statements?statementId=509ed928-6c7f-427d-9547-beb09c31f095&related_activities=false&related_agents=false&format=exact&attachments=false&ascending=false.
2026-09-11 18:46:08.224 [Test worker @coroutine#2] TRACE i.k.c.p.c.ContentNegotiation - Adding Accept=application/json header for http://localhost:41163/statements?statementId=509ed928-6c7f-427d-9547-beb09c31f095&related_activities=false&related_agents=false&format=ids&attachments=false&ascending=false
2026-09-11 18:46:08.224 [Test worker @coroutine#2] TRACE i.k.c.p.c.ContentNegotiation - Body type class io.ktor.client.utils.EmptyContent is in ignored types. Skipping ContentNegotiation for http://localhost:41163/statements?statementId=509ed928-6c7f-427d-9547-beb09c31f095&related_activities=false&related_agents=false&format=ids&attachments=false&ascending=false.
2026-09-11 18:46:08.225 [eventLoopGroupProxy-25-1 @call-handler#153] TRACE io.ktor.server.routing.Routing - Trace for [statements]
/, segment:0 -> SUCCESS @ /
  /statements, segment:1 -> SUCCESS @ /statements
    /statements [(method:GET)], segment:1 -> SUCCESS @ /statements [(method:GET)]
    /statements [(method:POST)], segment:1 -> FAILURE "Selector didn't match" @ /statements [(method:POST)]
Matched routes:
  "" -> "statements" -> "(method:GET)"
Routing resolve result:
  SUCCESS @ /statements [(method:GET)]
2026-09-11 18:46:08.229 [Test worker @coroutine#2] TRACE io.ktor.client.plugins.SaveBody - Saving body for http://localhost:41163/statements?statementId=509ed928-6c7f-427d-9547-beb09c31f095&related_activities=false&related_agents=false&format=ids&attachments=false&ascending=false
2026-09-11 18:46:08.229 [Test worker @coroutine#2] TRACE i.k.client.plugins.HttpCallValidator - Validating response for request http://localhost:41163/statements?statementId=509ed928-6c7f-427d-9547-beb09c31f095&related_activities=false&related_agents=false&format=ids&attachments=false&ascending=false
2026-09-11 18:46:08.229 [Test worker @coroutine#2] TRACE i.k.c.p.DefaultResponseValidation - Skipping default response validation for http://localhost:41163/statements?statementId=509ed928-6c7f-427d-9547-beb09c31f095&related_activities=false&related_agents=false&format=ids&attachments=false&ascending=false
2026-09-11 18:46:08.230 [Test worker @coroutine#2] TRACE i.k.c.p.c.ContentNegotiation - Response body was converted to class world.respect.lib.xapi.model.XapiStatementResult for http://localhost:41163/statements?statementId=509ed928-6c7f-427d-9547-beb09c31f095&related_activities=false&related_agents=false&format=ids&attachments=false&ascending=false.
2026-09-11 18:46:08.237 [Test worker @coroutine#2] INFO  io.ktor.server.Application - Autoreload is disabled because the development mode is off.
2026-09-11 18:46:08.237 [Test worker @coroutine#2] INFO  io.ktor.server.Application - Application started in 0.0 seconds.
2026-09-11 18:46:08.239 [DefaultDispatcher-worker-1 @coroutine#158] INFO  io.ktor.server.Application - Responding at http://0.0.0.0:35001
2026-09-11 18:46:08.239 [Test worker @coroutine#2] TRACE i.k.c.p.c.ContentNegotiation - Adding Accept=application/json header for http://localhost:35001/statements
2026-09-11 18:46:08.240 [Test worker @coroutine#2] TRACE i.k.c.p.c.ContentNegotiation - Converted request body using io.ktor.serialization.kotlinx.KotlinxSerializationConverter@609319c3 for http://localhost:35001/statements
2026-09-11 18:46:08.240 [Test worker @coroutine#2] TRACE i.k.c.plugins.defaultTransformers - Transformed with default transformers request body for http://localhost:35001/statements from class io.ktor.http.content.TextContent
2026-09-11 18:46:08.243 [eventLoopGroupProxy-28-1 @call-handler#161] TRACE io.ktor.server.routing.Routing - Trace for [statements]
/, segment:0 -> SUCCESS @ /
  /statements, segment:1 -> SUCCESS @ /statements
    /statements [(method:GET)], segment:1 -> FAILURE "Selector didn't match" @ /statements [(method:GET)]
    /statements [(method:POST)], segment:1 -> SUCCESS @ /statements [(method:POST)]
Matched routes:
  "" -> "statements" -> "(method:POST)"
Routing resolve result:
  SUCCESS @ /statements [(method:POST)]
2026-09-11 18:46:08.244 [eventLoopGroupProxy-28-1 @call-handler#161] TRACE i.k.server.engine.DefaultTransform - No Default Transformations found for class io.ktor.utils.io.ByteChannel and expected type TypeInfo(kotlinx.serialization.json.JsonElement) for call /statements
2026-09-11 18:46:08.247 [Test worker @coroutine#2] TRACE io.ktor.client.plugins.SaveBody - Saving body for http://localhost:35001/statements
2026-09-11 18:46:08.248 [Test worker @coroutine#2] TRACE i.k.client.plugins.HttpCallValidator - Validating response for request http://localhost:35001/statements
2026-09-11 18:46:08.248 [Test worker @coroutine#2] TRACE i.k.c.p.DefaultResponseValidation - Skipping default response validation for http://localhost:35001/statements
2026-09-11 18:46:08.248 [Test worker @coroutine#2] TRACE i.k.c.p.c.ContentNegotiation - Response body was converted to class java.util.ArrayList for http://localhost:35001/statements.
2026-09-11 18:46:08.248 [Test worker @coroutine#2] TRACE i.k.c.p.c.ContentNegotiation - Adding Accept=application/json header for http://localhost:35001/statements?statementId=ffbd269c-908f-47d0-8dcc-4d4b989aca4d&related_activities=false&related_agents=false&format=canonical&attachments=false&ascending=false
2026-09-11 18:46:08.248 [Test worker @coroutine#2] TRACE i.k.c.p.c.ContentNegotiation - Body type class io.ktor.client.utils.EmptyContent is in ignored types. Skipping ContentNegotiation for http://localhost:35001/statements?statementId=ffbd269c-908f-47d0-8dcc-4d4b989aca4d&related_activities=false&related_agents=false&format=canonical&attachments=false&ascending=false.
2026-09-11 18:46:08.250 [eventLoopGroupProxy-28-1 @call-handler#165] TRACE io.ktor.server.routing.Routing - Trace for [statements]
/, segment:0 -> SUCCESS @ /
  /statements, segment:1 -> SUCCESS @ /statements
    /statements [(method:GET)], segment:1 -> SUCCESS @ /statements [(method:GET)]
    /statements [(method:POST)], segment:1 -> FAILURE "Selector didn't match" @ /statements [(method:POST)]
Matched routes:
  "" -> "statements" -> "(method:GET)"
Routing resolve result:
  SUCCESS @ /statements [(method:GET)]
2026-09-11 18:46:08.254 [Test worker @coroutine#2] TRACE io.ktor.client.plugins.SaveBody - Saving body for http://localhost:35001/statements?statementId=ffbd269c-908f-47d0-8dcc-4d4b989aca4d&related_activities=false&related_agents=false&format=canonical&attachments=false&ascending=false
2026-09-11 18:46:08.254 [Test worker @coroutine#2] TRACE i.k.client.plugins.HttpCallValidator - Validating response for request http://localhost:35001/statements?statementId=ffbd269c-908f-47d0-8dcc-4d4b989aca4d&related_activities=false&related_agents=false&format=canonical&attachments=false&ascending=false
2026-09-11 18:46:08.254 [Test worker @coroutine#2] TRACE i.k.c.p.DefaultResponseValidation - Skipping default response validation for http://localhost:35001/statements?statementId=ffbd269c-908f-47d0-8dcc-4d4b989aca4d&related_activities=false&related_agents=false&format=canonical&attachments=false&ascending=false
2026-09-11 18:46:08.255 [Test worker @coroutine#2] TRACE i.k.c.p.c.ContentNegotiation - Response body was converted to class world.respect.lib.xapi.model.XapiStatementResult for http://localhost:35001/statements?statementId=ffbd269c-908f-47d0-8dcc-4d4b989aca4d&related_activities=false&related_agents=false&format=canonical&attachments=false&ascending=false.
2026-09-11 18:46:08.255 [Test worker @coroutine#2] TRACE i.k.c.p.c.ContentNegotiation - Adding Accept=application/json header for http://localhost:35001/statements?statementId=ffbd269c-908f-47d0-8dcc-4d4b989aca4d&related_activities=false&related_agents=false&format=exact&attachments=false&ascending=false
2026-09-11 18:46:08.255 [Test worker @coroutine#2] TRACE i.k.c.p.c.ContentNegotiation - Body type class io.ktor.client.utils.EmptyContent is in ignored types. Skipping ContentNegotiation for http://localhost:35001/statements?statementId=ffbd269c-908f-47d0-8dcc-4d4b989aca4d&related_activities=false&related_agents=false&format=exact&attachments=false&ascending=false.
2026-09-11 18:46:08.257 [eventLoopGroupProxy-28-1 @call-handler#168] TRACE io.ktor.server.routing.Routing - Trace for [statements]
/, segment:0 -> SUCCESS @ /
  /statements, segment:1 -> SUCCESS @ /statements
    /statements [(method:GET)], segment:1 -> SUCCESS @ /statements [(method:GET)]
    /statements [(method:POST)], segment:1 -> FAILURE "Selector didn't match" @ /statements [(method:POST)]
Matched routes:
  "" -> "statements" -> "(method:GET)"
Routing resolve result:
  SUCCESS @ /statements [(method:GET)]
2026-09-11 18:46:08.262 [Test worker @coroutine#2] TRACE io.ktor.client.plugins.SaveBody - Saving body for http://localhost:35001/statements?statementId=ffbd269c-908f-47d0-8dcc-4d4b989aca4d&related_activities=false&related_agents=false&format=exact&attachments=false&ascending=false
2026-09-11 18:46:08.262 [Test worker @coroutine#2] TRACE i.k.client.plugins.HttpCallValidator - Validating response for request http://localhost:35001/statements?statementId=ffbd269c-908f-47d0-8dcc-4d4b989aca4d&related_activities=false&related_agents=false&format=exact&attachments=false&ascending=false
2026-09-11 18:46:08.262 [Test worker @coroutine#2] TRACE i.k.c.p.DefaultResponseValidation - Skipping default response validation for http://localhost:35001/statements?statementId=ffbd269c-908f-47d0-8dcc-4d4b989aca4d&related_activities=false&related_agents=false&format=exact&attachments=false&ascending=false
2026-09-11 18:46:08.262 [Test worker @coroutine#2] TRACE i.k.c.p.c.ContentNegotiation - Response body was converted to class world.respect.lib.xapi.model.XapiStatementResult for http://localhost:35001/statements?statementId=ffbd269c-908f-47d0-8dcc-4d4b989aca4d&related_activities=false&related_agents=false&format=exact&attachments=false&ascending=false.
2026-09-11 18:46:08.263 [Test worker @coroutine#2] TRACE i.k.c.p.c.ContentNegotiation - Adding Accept=application/json header for http://localhost:35001/statements?statementId=ffbd269c-908f-47d0-8dcc-4d4b989aca4d&related_activities=false&related_agents=false&format=ids&attachments=false&ascending=false
2026-09-11 18:46:08.263 [Test worker @coroutine#2] TRACE i.k.c.p.c.ContentNegotiation - Body type class io.ktor.client.utils.EmptyContent is in ignored types. Skipping ContentNegotiation for http://localhost:35001/statements?statementId=ffbd269c-908f-47d0-8dcc-4d4b989aca4d&related_activities=false&related_agents=false&format=ids&attachments=false&ascending=false.
2026-09-11 18:46:08.264 [eventLoopGroupProxy-28-1 @call-handler#171] TRACE io.ktor.server.routing.Routing - Trace for [statements]
/, segment:0 -> SUCCESS @ /
  /statements, segment:1 -> SUCCESS @ /statements
    /statements [(method:GET)], segment:1 -> SUCCESS @ /statements [(method:GET)]
    /statements [(method:POST)], segment:1 -> FAILURE "Selector didn't match" @ /statements [(method:POST)]
Matched routes:
  "" -> "statements" -> "(method:GET)"
Routing resolve result:
  SUCCESS @ /statements [(method:GET)]
2026-09-11 18:46:08.267 [Test worker @coroutine#2] TRACE io.ktor.client.plugins.SaveBody - Saving body for http://localhost:35001/statements?statementId=ffbd269c-908f-47d0-8dcc-4d4b989aca4d&related_activities=false&related_agents=false&format=ids&attachments=false&ascending=false
2026-09-11 18:46:08.267 [Test worker @coroutine#2] TRACE i.k.client.plugins.HttpCallValidator - Validating response for request http://localhost:35001/statements?statementId=ffbd269c-908f-47d0-8dcc-4d4b989aca4d&related_activities=false&related_agents=false&format=ids&attachments=false&ascending=false
2026-09-11 18:46:08.267 [Test worker @coroutine#2] TRACE i.k.c.p.DefaultResponseValidation - Skipping default response validation for http://localhost:35001/statements?statementId=ffbd269c-908f-47d0-8dcc-4d4b989aca4d&related_activities=false&related_agents=false&format=ids&attachments=false&ascending=false
2026-09-11 18:46:08.268 [Test worker @coroutine#2] TRACE i.k.c.p.c.ContentNegotiation - Response body was converted to class world.respect.lib.xapi.model.XapiStatementResult for http://localhost:35001/statements?statementId=ffbd269c-908f-47d0-8dcc-4d4b989aca4d&related_activities=false&related_agents=false&format=ids&attachments=false&ascending=false.
2026-09-11 18:46:08.275 [Test worker @coroutine#2] INFO  io.ktor.server.Application - Autoreload is disabled because the development mode is off.
2026-09-11 18:46:08.275 [Test worker @coroutine#2] INFO  io.ktor.server.Application - Application started in 0.0 seconds.
2026-09-11 18:46:08.277 [DefaultDispatcher-worker-3 @coroutine#176] INFO  io.ktor.server.Application - Responding at http://0.0.0.0:45901
2026-09-11 18:46:08.278 [Test worker @coroutine#2] TRACE i.k.c.p.c.ContentNegotiation - Adding Accept=application/json header for http://localhost:45901/statements
2026-09-11 18:46:08.279 [Test worker @coroutine#2] TRACE i.k.c.p.c.ContentNegotiation - Converted request body using io.ktor.serialization.kotlinx.KotlinxSerializationConverter@609319c3 for http://localhost:45901/statements
2026-09-11 18:46:08.279 [Test worker @coroutine#2] TRACE i.k.c.plugins.defaultTransformers - Transformed with default transformers request body for http://localhost:45901/statements from class io.ktor.http.content.TextContent
2026-09-11 18:46:08.283 [eventLoopGroupProxy-31-1 @call-handler#179] TRACE io.ktor.server.routing.Routing - Trace for [statements]
/, segment:0 -> SUCCESS @ /
  /statements, segment:1 -> SUCCESS @ /statements
    /statements [(method:GET)], segment:1 -> FAILURE "Selector didn't match" @ /statements [(method:GET)]
    /statements [(method:POST)], segment:1 -> SUCCESS @ /statements [(method:POST)]
Matched routes:
  "" -> "statements" -> "(method:POST)"
Routing resolve result:
  SUCCESS @ /statements [(method:POST)]
2026-09-11 18:46:08.283 [eventLoopGroupProxy-31-1 @call-handler#179] TRACE i.k.server.engine.DefaultTransform - No Default Transformations found for class io.ktor.utils.io.ByteChannel and expected type TypeInfo(kotlinx.serialization.json.JsonElement) for call /statements
2026-09-11 18:46:08.288 [Test worker @coroutine#2] TRACE io.ktor.client.plugins.SaveBody - Saving body for http://localhost:45901/statements
2026-09-11 18:46:08.288 [Test worker @coroutine#2] TRACE i.k.client.plugins.HttpCallValidator - Validating response for request http://localhost:45901/statements
2026-09-11 18:46:08.288 [Test worker @coroutine#2] TRACE i.k.c.p.DefaultResponseValidation - Skipping default response validation for http://localhost:45901/statements
2026-09-11 18:46:08.288 [Test worker @coroutine#2] TRACE i.k.c.p.c.ContentNegotiation - Response body was converted to class java.util.ArrayList for http://localhost:45901/statements.
2026-09-11 18:46:08.289 [Test worker @coroutine#2] TRACE i.k.c.p.c.ContentNegotiation - Adding Accept=application/json header for http://localhost:45901/statements?statementId=b46ae856-095d-46a5-bdba-0ef6a7e86eac&related_activities=false&related_agents=false&format=canonical&attachments=false&ascending=false
2026-09-11 18:46:08.289 [Test worker @coroutine#2] TRACE i.k.c.p.c.ContentNegotiation - Body type class io.ktor.client.utils.EmptyContent is in ignored types. Skipping ContentNegotiation for http://localhost:45901/statements?statementId=b46ae856-095d-46a5-bdba-0ef6a7e86eac&related_activities=false&related_agents=false&format=canonical&attachments=false&ascending=false.
2026-09-11 18:46:08.291 [eventLoopGroupProxy-31-1 @call-handler#184] TRACE io.ktor.server.routing.Routing - Trace for [statements]
/, segment:0 -> SUCCESS @ /
  /statements, segment:1 -> SUCCESS @ /statements
    /statements [(method:GET)], segment:1 -> SUCCESS @ /statements [(method:GET)]
    /statements [(method:POST)], segment:1 -> FAILURE "Selector didn't match" @ /statements [(method:POST)]
Matched routes:
  "" -> "statements" -> "(method:GET)"
Routing resolve result:
  SUCCESS @ /statements [(method:GET)]
2026-09-11 18:46:08.297 [Test worker @coroutine#2] TRACE io.ktor.client.plugins.SaveBody - Saving body for http://localhost:45901/statements?statementId=b46ae856-095d-46a5-bdba-0ef6a7e86eac&related_activities=false&related_agents=false&format=canonical&attachments=false&ascending=false
2026-09-11 18:46:08.297 [Test worker @coroutine#2] TRACE i.k.client.plugins.HttpCallValidator - Validating response for request http://localhost:45901/statements?statementId=b46ae856-095d-46a5-bdba-0ef6a7e86eac&related_activities=false&related_agents=false&format=canonical&attachments=false&ascending=false
2026-09-11 18:46:08.297 [Test worker @coroutine#2] TRACE i.k.c.p.DefaultResponseValidation - Skipping default response validation for http://localhost:45901/statements?statementId=b46ae856-095d-46a5-bdba-0ef6a7e86eac&related_activities=false&related_agents=false&format=canonical&attachments=false&ascending=false
2026-09-11 18:46:08.298 [Test worker @coroutine#2] TRACE i.k.c.p.c.ContentNegotiation - Response body was converted to class world.respect.lib.xapi.model.XapiStatementResult for http://localhost:45901/statements?statementId=b46ae856-095d-46a5-bdba-0ef6a7e86eac&related_activities=false&related_agents=false&format=canonical&attachments=false&ascending=false.
2026-09-11 18:46:08.298 [Test worker @coroutine#2] TRACE i.k.c.p.c.ContentNegotiation - Adding Accept=application/json header for http://localhost:45901/statements?statementId=b46ae856-095d-46a5-bdba-0ef6a7e86eac&related_activities=false&related_agents=false&format=exact&attachments=false&ascending=false
2026-09-11 18:46:08.298 [Test worker @coroutine#2] TRACE i.k.c.p.c.ContentNegotiation - Body type class io.ktor.client.utils.EmptyContent is in ignored types. Skipping ContentNegotiation for http://localhost:45901/statements?statementId=b46ae856-095d-46a5-bdba-0ef6a7e86eac&related_activities=false&related_agents=false&format=exact&attachments=false&ascending=false.
2026-09-11 18:46:08.299 [eventLoopGroupProxy-31-1 @call-handler#187] TRACE io.ktor.server.routing.Routing - Trace for [statements]
/, segment:0 -> SUCCESS @ /
  /statements, segment:1 -> SUCCESS @ /statements
    /statements [(method:GET)], segment:1 -> SUCCESS @ /statements [(method:GET)]
    /statements [(method:POST)], segment:1 -> FAILURE "Selector didn't match" @ /statements [(method:POST)]
Matched routes:
  "" -> "statements" -> "(method:GET)"
Routing resolve result:
  SUCCESS @ /statements [(method:GET)]
2026-09-11 18:46:08.302 [Test worker @coroutine#2] TRACE io.ktor.client.plugins.SaveBody - Saving body for http://localhost:45901/statements?statementId=b46ae856-095d-46a5-bdba-0ef6a7e86eac&related_activities=false&related_agents=false&format=exact&attachments=false&ascending=false
2026-09-11 18:46:08.303 [Test worker @coroutine#2] TRACE i.k.client.plugins.HttpCallValidator - Validating response for request http://localhost:45901/statements?statementId=b46ae856-095d-46a5-bdba-0ef6a7e86eac&related_activities=false&related_agents=false&format=exact&attachments=false&ascending=false
2026-09-11 18:46:08.303 [Test worker @coroutine#2] TRACE i.k.c.p.DefaultResponseValidation - Skipping default response validation for http://localhost:45901/statements?statementId=b46ae856-095d-46a5-bdba-0ef6a7e86eac&related_activities=false&related_agents=false&format=exact&attachments=false&ascending=false
2026-09-11 18:46:08.303 [Test worker @coroutine#2] TRACE i.k.c.p.c.ContentNegotiation - Response body was converted to class world.respect.lib.xapi.model.XapiStatementResult for http://localhost:45901/statements?statementId=b46ae856-095d-46a5-bdba-0ef6a7e86eac&related_activities=false&related_agents=false&format=exact&attachments=false&ascending=false.
2026-09-11 18:46:08.304 [Test worker @coroutine#2] TRACE i.k.c.p.c.ContentNegotiation - Adding Accept=application/json header for http://localhost:45901/statements?statementId=b46ae856-095d-46a5-bdba-0ef6a7e86eac&related_activities=false&related_agents=false&format=ids&attachments=false&ascending=false
2026-09-11 18:46:08.304 [Test worker @coroutine#2] TRACE i.k.c.p.c.ContentNegotiation - Body type class io.ktor.client.utils.EmptyContent is in ignored types. Skipping ContentNegotiation for http://localhost:45901/statements?statementId=b46ae856-095d-46a5-bdba-0ef6a7e86eac&related_activities=false&related_agents=false&format=ids&attachments=false&ascending=false.
2026-09-11 18:46:08.306 [eventLoopGroupProxy-31-1 @call-handler#190] TRACE io.ktor.server.routing.Routing - Trace for [statements]
/, segment:0 -> SUCCESS @ /
  /statements, segment:1 -> SUCCESS @ /statements
    /statements [(method:GET)], segment:1 -> SUCCESS @ /statements [(method:GET)]
    /statements [(method:POST)], segment:1 -> FAILURE "Selector didn't match" @ /statements [(method:POST)]
Matched routes:
  "" -> "statements" -> "(method:GET)"
Routing resolve result:
  SUCCESS @ /statements [(method:GET)]
2026-09-11 18:46:08.309 [Test worker @coroutine#2] TRACE io.ktor.client.plugins.SaveBody - Saving body for http://localhost:45901/statements?statementId=b46ae856-095d-46a5-bdba-0ef6a7e86eac&related_activities=false&related_agents=false&format=ids&attachments=false&ascending=false
2026-09-11 18:46:08.309 [Test worker @coroutine#2] TRACE i.k.client.plugins.HttpCallValidator - Validating response for request http://localhost:45901/statements?statementId=b46ae856-095d-46a5-bdba-0ef6a7e86eac&related_activities=false&related_agents=false&format=ids&attachments=false&ascending=false
2026-09-11 18:46:08.309 [Test worker @coroutine#2] TRACE i.k.c.p.DefaultResponseValidation - Skipping default response validation for http://localhost:45901/statements?statementId=b46ae856-095d-46a5-bdba-0ef6a7e86eac&related_activities=false&related_agents=false&format=ids&attachments=false&ascending=false
2026-09-11 18:46:08.310 [Test worker @coroutine#2] TRACE i.k.c.p.c.ContentNegotiation - Response body was converted to class world.respect.lib.xapi.model.XapiStatementResult for http://localhost:45901/statements?statementId=b46ae856-095d-46a5-bdba-0ef6a7e86eac&related_activities=false&related_agents=false&format=ids&attachments=false&ascending=false.
2026-09-11 18:46:08.318 [Test worker @coroutine#2] INFO  io.ktor.server.Application - Autoreload is disabled because the development mode is off.
2026-09-11 18:46:08.318 [Test worker @coroutine#2] INFO  io.ktor.server.Application - Application started in 0.0 seconds.
2026-09-11 18:46:08.330 [DefaultDispatcher-worker-3 @coroutine#195] INFO  io.ktor.server.Application - Responding at http://0.0.0.0:43839
2026-09-11 18:46:08.330 [Test worker @coroutine#2] TRACE i.k.c.p.c.ContentNegotiation - Adding Accept=application/json header for http://localhost:43839/statements
2026-09-11 18:46:08.331 [Test worker @coroutine#2] TRACE i.k.c.p.c.ContentNegotiation - Converted request body using io.ktor.serialization.kotlinx.KotlinxSerializationConverter@609319c3 for http://localhost:43839/statements
2026-09-11 18:46:08.331 [Test worker @coroutine#2] TRACE i.k.c.plugins.defaultTransformers - Transformed with default transformers request body for http://localhost:43839/statements from class io.ktor.http.content.TextContent
2026-09-11 18:46:08.336 [eventLoopGroupProxy-34-1 @call-handler#198] TRACE io.ktor.server.routing.Routing - Trace for [statements]
/, segment:0 -> SUCCESS @ /
  /statements, segment:1 -> SUCCESS @ /statements
    /statements [(method:GET)], segment:1 -> FAILURE "Selector didn't match" @ /statements [(method:GET)]
    /statements [(method:POST)], segment:1 -> SUCCESS @ /statements [(method:POST)]
Matched routes:
  "" -> "statements" -> "(method:POST)"
Routing resolve result:
  SUCCESS @ /statements [(method:POST)]
2026-09-11 18:46:08.336 [eventLoopGroupProxy-34-1 @call-handler#198] TRACE i.k.server.engine.DefaultTransform - No Default Transformations found for class io.ktor.utils.io.ByteChannel and expected type TypeInfo(kotlinx.serialization.json.JsonElement) for call /statements
2026-09-11 18:46:08.346 [Test worker @coroutine#2] TRACE io.ktor.client.plugins.SaveBody - Saving body for http://localhost:43839/statements
2026-09-11 18:46:08.346 [Test worker @coroutine#2] TRACE i.k.client.plugins.HttpCallValidator - Validating response for request http://localhost:43839/statements
2026-09-11 18:46:08.346 [Test worker @coroutine#2] TRACE i.k.c.p.DefaultResponseValidation - Skipping default response validation for http://localhost:43839/statements
2026-09-11 18:46:08.347 [Test worker @coroutine#2] TRACE i.k.c.p.c.ContentNegotiation - Response body was converted to class java.util.ArrayList for http://localhost:43839/statements.
2026-09-11 18:46:08.347 [Test worker @coroutine#2] TRACE i.k.c.p.c.ContentNegotiation - Adding Accept=application/json header for http://localhost:43839/statements?statementId=5fa15458-fc3b-4e76-95b1-88666146980f&related_activities=false&related_agents=false&format=canonical&attachments=false&ascending=false
2026-09-11 18:46:08.347 [Test worker @coroutine#2] TRACE i.k.c.p.c.ContentNegotiation - Body type class io.ktor.client.utils.EmptyContent is in ignored types. Skipping ContentNegotiation for http://localhost:43839/statements?statementId=5fa15458-fc3b-4e76-95b1-88666146980f&related_activities=false&related_agents=false&format=canonical&attachments=false&ascending=false.
2026-09-11 18:46:08.349 [eventLoopGroupProxy-34-1 @call-handler#203] TRACE io.ktor.server.routing.Routing - Trace for [statements]
/, segment:0 -> SUCCESS @ /
  /statements, segment:1 -> SUCCESS @ /statements
    /statements [(method:GET)], segment:1 -> SUCCESS @ /statements [(method:GET)]
    /statements [(method:POST)], segment:1 -> FAILURE "Selector didn't match" @ /statements [(method:POST)]
Matched routes:
  "" -> "statements" -> "(method:GET)"
Routing resolve result:
  SUCCESS @ /statements [(method:GET)]
2026-09-11 18:46:08.352 [Test worker @coroutine#2] TRACE io.ktor.client.plugins.SaveBody - Saving body for http://localhost:43839/statements?statementId=5fa15458-fc3b-4e76-95b1-88666146980f&related_activities=false&related_agents=false&format=canonical&attachments=false&ascending=false
2026-09-11 18:46:08.352 [Test worker @coroutine#2] TRACE i.k.client.plugins.HttpCallValidator - Validating response for request http://localhost:43839/statements?statementId=5fa15458-fc3b-4e76-95b1-88666146980f&related_activities=false&related_agents=false&format=canonical&attachments=false&ascending=false
2026-09-11 18:46:08.352 [Test worker @coroutine#2] TRACE i.k.c.p.DefaultResponseValidation - Skipping default response validation for http://localhost:43839/statements?statementId=5fa15458-fc3b-4e76-95b1-88666146980f&related_activities=false&related_agents=false&format=canonical&attachments=false&ascending=false
2026-09-11 18:46:08.353 [Test worker @coroutine#2] TRACE i.k.c.p.c.ContentNegotiation - Response body was converted to class world.respect.lib.xapi.model.XapiStatementResult for http://localhost:43839/statements?statementId=5fa15458-fc3b-4e76-95b1-88666146980f&related_activities=false&related_agents=false&format=canonical&attachments=false&ascending=false.
2026-09-11 18:46:08.353 [Test worker @coroutine#2] TRACE i.k.c.p.c.ContentNegotiation - Adding Accept=application/json header for http://localhost:43839/statements?statementId=5fa15458-fc3b-4e76-95b1-88666146980f&related_activities=false&related_agents=false&format=exact&attachments=false&ascending=false
2026-09-11 18:46:08.354 [Test worker @coroutine#2] TRACE i.k.c.p.c.ContentNegotiation - Body type class io.ktor.client.utils.EmptyContent is in ignored types. Skipping ContentNegotiation for http://localhost:43839/statements?statementId=5fa15458-fc3b-4e76-95b1-88666146980f&related_activities=false&related_agents=false&format=exact&attachments=false&ascending=false.
2026-09-11 18:46:08.357 [eventLoopGroupProxy-34-1 @call-handler#206] TRACE io.ktor.server.routing.Routing - Trace for [statements]
/, segment:0 -> SUCCESS @ /
  /statements, segment:1 -> SUCCESS @ /statements
    /statements [(method:GET)], segment:1 -> SUCCESS @ /statements [(method:GET)]
    /statements [(method:POST)], segment:1 -> FAILURE "Selector didn't match" @ /statements [(method:POST)]
Matched routes:
  "" -> "statements" -> "(method:GET)"
Routing resolve result:
  SUCCESS @ /statements [(method:GET)]
2026-09-11 18:46:08.360 [Test worker @coroutine#2] TRACE io.ktor.client.plugins.SaveBody - Saving body for http://localhost:43839/statements?statementId=5fa15458-fc3b-4e76-95b1-88666146980f&related_activities=false&related_agents=false&format=exact&attachments=false&ascending=false
2026-09-11 18:46:08.360 [Test worker @coroutine#2] TRACE i.k.client.plugins.HttpCallValidator - Validating response for request http://localhost:43839/statements?statementId=5fa15458-fc3b-4e76-95b1-88666146980f&related_activities=false&related_agents=false&format=exact&attachments=false&ascending=false
2026-09-11 18:46:08.360 [Test worker @coroutine#2] TRACE i.k.c.p.DefaultResponseValidation - Skipping default response validation for http://localhost:43839/statements?statementId=5fa15458-fc3b-4e76-95b1-88666146980f&related_activities=false&related_agents=false&format=exact&attachments=false&ascending=false
2026-09-11 18:46:08.360 [Test worker @coroutine#2] TRACE i.k.c.p.c.ContentNegotiation - Response body was converted to class world.respect.lib.xapi.model.XapiStatementResult for http://localhost:43839/statements?statementId=5fa15458-fc3b-4e76-95b1-88666146980f&related_activities=false&related_agents=false&format=exact&attachments=false&ascending=false.
2026-09-11 18:46:08.361 [Test worker @coroutine#2] TRACE i.k.c.p.c.ContentNegotiation - Adding Accept=application/json header for http://localhost:43839/statements?statementId=5fa15458-fc3b-4e76-95b1-88666146980f&related_activities=false&related_agents=false&format=ids&attachments=false&ascending=false
2026-09-11 18:46:08.361 [Test worker @coroutine#2] TRACE i.k.c.p.c.ContentNegotiation - Body type class io.ktor.client.utils.EmptyContent is in ignored types. Skipping ContentNegotiation for http://localhost:43839/statements?statementId=5fa15458-fc3b-4e76-95b1-88666146980f&related_activities=false&related_agents=false&format=ids&attachments=false&ascending=false.
2026-09-11 18:46:08.362 [eventLoopGroupProxy-34-1 @call-handler#209] TRACE io.ktor.server.routing.Routing - Trace for [statements]
/, segment:0 -> SUCCESS @ /
  /statements, segment:1 -> SUCCESS @ /statements
    /statements [(method:GET)], segment:1 -> SUCCESS @ /statements [(method:GET)]
    /statements [(method:POST)], segment:1 -> FAILURE "Selector didn't match" @ /statements [(method:POST)]
Matched routes:
  "" -> "statements" -> "(method:GET)"
Routing resolve result:
  SUCCESS @ /statements [(method:GET)]
2026-09-11 18:46:08.364 [Test worker @coroutine#2] TRACE io.ktor.client.plugins.SaveBody - Saving body for http://localhost:43839/statements?statementId=5fa15458-fc3b-4e76-95b1-88666146980f&related_activities=false&related_agents=false&format=ids&attachments=false&ascending=false
2026-09-11 18:46:08.364 [Test worker @coroutine#2] TRACE i.k.client.plugins.HttpCallValidator - Validating response for request http://localhost:43839/statements?statementId=5fa15458-fc3b-4e76-95b1-88666146980f&related_activities=false&related_agents=false&format=ids&attachments=false&ascending=false
2026-09-11 18:46:08.364 [Test worker @coroutine#2] TRACE i.k.c.p.DefaultResponseValidation - Skipping default response validation for http://localhost:43839/statements?statementId=5fa15458-fc3b-4e76-95b1-88666146980f&related_activities=false&related_agents=false&format=ids&attachments=false&ascending=false
2026-09-11 18:46:08.365 [Test worker @coroutine#2] TRACE i.k.c.p.c.ContentNegotiation - Response body was converted to class world.respect.lib.xapi.model.XapiStatementResult for http://localhost:43839/statements?statementId=5fa15458-fc3b-4e76-95b1-88666146980f&related_activities=false&related_agents=false&format=ids&attachments=false&ascending=false.
2026-09-11 18:46:08.377 [Test worker @coroutine#2] INFO  io.ktor.server.Application - Autoreload is disabled because the development mode is off.
2026-09-11 18:46:08.377 [Test worker @coroutine#2] INFO  io.ktor.server.Application - Application started in 0.0 seconds.
2026-09-11 18:46:08.381 [DefaultDispatcher-worker-3 @coroutine#214] INFO  io.ktor.server.Application - Responding at http://0.0.0.0:45011
2026-09-11 18:46:08.382 [Test worker @coroutine#2] TRACE i.k.c.p.c.ContentNegotiation - Adding Accept=application/json header for http://localhost:45011/statements
2026-09-11 18:46:08.383 [Test worker @coroutine#2] TRACE i.k.c.p.c.ContentNegotiation - Converted request body using io.ktor.serialization.kotlinx.KotlinxSerializationConverter@609319c3 for http://localhost:45011/statements
2026-09-11 18:46:08.383 [Test worker @coroutine#2] TRACE i.k.c.plugins.defaultTransformers - Transformed with default transformers request body for http://localhost:45011/statements from class io.ktor.http.content.TextContent
2026-09-11 18:46:08.387 [eventLoopGroupProxy-37-1 @call-handler#217] TRACE io.ktor.server.routing.Routing - Trace for [statements]
/, segment:0 -> SUCCESS @ /
  /statements, segment:1 -> SUCCESS @ /statements
    /statements [(method:GET)], segment:1 -> FAILURE "Selector didn't match" @ /statements [(method:GET)]
    /statements [(method:POST)], segment:1 -> SUCCESS @ /statements [(method:POST)]
Matched routes:
  "" -> "statements" -> "(method:POST)"
Routing resolve result:
  SUCCESS @ /statements [(method:POST)]
2026-09-11 18:46:08.387 [eventLoopGroupProxy-37-1 @call-handler#217] TRACE i.k.server.engine.DefaultTransform - No Default Transformations found for class io.ktor.utils.io.ByteChannel and expected type TypeInfo(kotlinx.serialization.json.JsonElement) for call /statements
2026-09-11 18:46:08.394 [Test worker @coroutine#2] TRACE io.ktor.client.plugins.SaveBody - Saving body for http://localhost:45011/statements
2026-09-11 18:46:08.394 [Test worker @coroutine#2] TRACE i.k.client.plugins.HttpCallValidator - Validating response for request http://localhost:45011/statements
2026-09-11 18:46:08.394 [Test worker @coroutine#2] TRACE i.k.c.p.DefaultResponseValidation - Skipping default response validation for http://localhost:45011/statements
2026-09-11 18:46:08.395 [Test worker @coroutine#2] TRACE i.k.c.p.c.ContentNegotiation - Response body was converted to class java.util.ArrayList for http://localhost:45011/statements.
2026-09-11 18:46:08.395 [Test worker @coroutine#2] TRACE i.k.c.p.c.ContentNegotiation - Adding Accept=application/json header for http://localhost:45011/statements?statementId=1f8af692-7ad3-46f8-9e74-76a35d45e7f5&related_activities=false&related_agents=false&format=canonical&attachments=false&ascending=false
2026-09-11 18:46:08.395 [Test worker @coroutine#2] TRACE i.k.c.p.c.ContentNegotiation - Body type class io.ktor.client.utils.EmptyContent is in ignored types. Skipping ContentNegotiation for http://localhost:45011/statements?statementId=1f8af692-7ad3-46f8-9e74-76a35d45e7f5&related_activities=false&related_agents=false&format=canonical&attachments=false&ascending=false.
2026-09-11 18:46:08.397 [eventLoopGroupProxy-37-1 @call-handler#222] TRACE io.ktor.server.routing.Routing - Trace for [statements]
/, segment:0 -> SUCCESS @ /
  /statements, segment:1 -> SUCCESS @ /statements
    /statements [(method:GET)], segment:1 -> SUCCESS @ /statements [(method:GET)]
    /statements [(method:POST)], segment:1 -> FAILURE "Selector didn't match" @ /statements [(method:POST)]
Matched routes:
  "" -> "statements" -> "(method:GET)"
Routing resolve result:
  SUCCESS @ /statements [(method:GET)]
2026-09-11 18:46:08.402 [Test worker @coroutine#2] TRACE io.ktor.client.plugins.SaveBody - Saving body for http://localhost:45011/statements?statementId=1f8af692-7ad3-46f8-9e74-76a35d45e7f5&related_activities=false&related_agents=false&format=canonical&attachments=false&ascending=false
2026-09-11 18:46:08.404 [Test worker @coroutine#2] TRACE i.k.client.plugins.HttpCallValidator - Validating response for request http://localhost:45011/statements?statementId=1f8af692-7ad3-46f8-9e74-76a35d45e7f5&related_activities=false&related_agents=false&format=canonical&attachments=false&ascending=false
2026-09-11 18:46:08.404 [Test worker @coroutine#2] TRACE i.k.c.p.DefaultResponseValidation - Skipping default response validation for http://localhost:45011/statements?statementId=1f8af692-7ad3-46f8-9e74-76a35d45e7f5&related_activities=false&related_agents=false&format=canonical&attachments=false&ascending=false
2026-09-11 18:46:08.404 [Test worker @coroutine#2] TRACE i.k.c.p.c.ContentNegotiation - Response body was converted to class world.respect.lib.xapi.model.XapiStatementResult for http://localhost:45011/statements?statementId=1f8af692-7ad3-46f8-9e74-76a35d45e7f5&related_activities=false&related_agents=false&format=canonical&attachments=false&ascending=false.
2026-09-11 18:46:08.405 [Test worker @coroutine#2] TRACE i.k.c.p.c.ContentNegotiation - Adding Accept=application/json header for http://localhost:45011/statements?statementId=1f8af692-7ad3-46f8-9e74-76a35d45e7f5&related_activities=false&related_agents=false&format=exact&attachments=false&ascending=false
2026-09-11 18:46:08.405 [Test worker @coroutine#2] TRACE i.k.c.p.c.ContentNegotiation - Body type class io.ktor.client.utils.EmptyContent is in ignored types. Skipping ContentNegotiation for http://localhost:45011/statements?statementId=1f8af692-7ad3-46f8-9e74-76a35d45e7f5&related_activities=false&related_agents=false&format=exact&attachments=false&ascending=false.
2026-09-11 18:46:08.407 [eventLoopGroupProxy-37-1 @call-handler#225] TRACE io.ktor.server.routing.Routing - Trace for [statements]
/, segment:0 -> SUCCESS @ /
  /statements, segment:1 -> SUCCESS @ /statements
    /statements [(method:GET)], segment:1 -> SUCCESS @ /statements [(method:GET)]
    /statements [(method:POST)], segment:1 -> FAILURE "Selector didn't match" @ /statements [(method:POST)]
Matched routes:
  "" -> "statements" -> "(method:GET)"
Routing resolve result:
  SUCCESS @ /statements [(method:GET)]
2026-09-11 18:46:08.411 [Test worker @coroutine#2] TRACE io.ktor.client.plugins.SaveBody - Saving body for http://localhost:45011/statements?statementId=1f8af692-7ad3-46f8-9e74-76a35d45e7f5&related_activities=false&related_agents=false&format=exact&attachments=false&ascending=false
2026-09-11 18:46:08.411 [Test worker @coroutine#2] TRACE i.k.client.plugins.HttpCallValidator - Validating response for request http://localhost:45011/statements?statementId=1f8af692-7ad3-46f8-9e74-76a35d45e7f5&related_activities=false&related_agents=false&format=exact&attachments=false&ascending=false
2026-09-11 18:46:08.411 [Test worker @coroutine#2] TRACE i.k.c.p.DefaultResponseValidation - Skipping default response validation for http://localhost:45011/statements?statementId=1f8af692-7ad3-46f8-9e74-76a35d45e7f5&related_activities=false&related_agents=false&format=exact&attachments=false&ascending=false
2026-09-11 18:46:08.411 [Test worker @coroutine#2] TRACE i.k.c.p.c.ContentNegotiation - Response body was converted to class world.respect.lib.xapi.model.XapiStatementResult for http://localhost:45011/statements?statementId=1f8af692-7ad3-46f8-9e74-76a35d45e7f5&related_activities=false&related_agents=false&format=exact&attachments=false&ascending=false.
2026-09-11 18:46:08.412 [Test worker @coroutine#2] TRACE i.k.c.p.c.ContentNegotiation - Adding Accept=application/json header for http://localhost:45011/statements?statementId=1f8af692-7ad3-46f8-9e74-76a35d45e7f5&related_activities=false&related_agents=false&format=ids&attachments=false&ascending=false
2026-09-11 18:46:08.412 [Test worker @coroutine#2] TRACE i.k.c.p.c.ContentNegotiation - Body type class io.ktor.client.utils.EmptyContent is in ignored types. Skipping ContentNegotiation for http://localhost:45011/statements?statementId=1f8af692-7ad3-46f8-9e74-76a35d45e7f5&related_activities=false&related_agents=false&format=ids&attachments=false&ascending=false.
2026-09-11 18:46:08.414 [eventLoopGroupProxy-37-1 @call-handler#228] TRACE io.ktor.server.routing.Routing - Trace for [statements]
/, segment:0 -> SUCCESS @ /
  /statements, segment:1 -> SUCCESS @ /statements
    /statements [(method:GET)], segment:1 -> SUCCESS @ /statements [(method:GET)]
    /statements [(method:POST)], segment:1 -> FAILURE "Selector didn't match" @ /statements [(method:POST)]
Matched routes:
  "" -> "statements" -> "(method:GET)"
Routing resolve result:
  SUCCESS @ /statements [(method:GET)]
2026-09-11 18:46:08.418 [Test worker @coroutine#2] TRACE io.ktor.client.plugins.SaveBody - Saving body for http://localhost:45011/statements?statementId=1f8af692-7ad3-46f8-9e74-76a35d45e7f5&related_activities=false&related_agents=false&format=ids&attachments=false&ascending=false
2026-09-11 18:46:08.418 [Test worker @coroutine#2] TRACE i.k.client.plugins.HttpCallValidator - Validating response for request http://localhost:45011/statements?statementId=1f8af692-7ad3-46f8-9e74-76a35d45e7f5&related_activities=false&related_agents=false&format=ids&attachments=false&ascending=false
2026-09-11 18:46:08.418 [Test worker @coroutine#2] TRACE i.k.c.p.DefaultResponseValidation - Skipping default response validation for http://localhost:45011/statements?statementId=1f8af692-7ad3-46f8-9e74-76a35d45e7f5&related_activities=false&related_agents=false&format=ids&attachments=false&ascending=false
2026-09-11 18:46:08.419 [Test worker @coroutine#2] TRACE i.k.c.p.c.ContentNegotiation - Response body was converted to class world.respect.lib.xapi.model.XapiStatementResult for http://localhost:45011/statements?statementId=1f8af692-7ad3-46f8-9e74-76a35d45e7f5&related_activities=false&related_agents=false&format=ids&attachments=false&ascending=false.
2026-09-11 18:46:08.432 [Test worker @coroutine#2] INFO  io.ktor.server.Application - Autoreload is disabled because the development mode is off.
2026-09-11 18:46:08.432 [Test worker @coroutine#2] INFO  io.ktor.server.Application - Application started in 0.0 seconds.
2026-09-11 18:46:08.434 [DefaultDispatcher-worker-3 @coroutine#233] INFO  io.ktor.server.Application - Responding at http://0.0.0.0:44295
2026-09-11 18:46:08.435 [Test worker @coroutine#2] TRACE i.k.c.p.c.ContentNegotiation - Adding Accept=application/json header for http://localhost:44295/statements
2026-09-11 18:46:08.436 [Test worker @coroutine#2] TRACE i.k.c.p.c.ContentNegotiation - Converted request body using io.ktor.serialization.kotlinx.KotlinxSerializationConverter@609319c3 for http://localhost:44295/statements
2026-09-11 18:46:08.436 [Test worker @coroutine#2] TRACE i.k.c.plugins.defaultTransformers - Transformed with default transformers request body for http://localhost:44295/statements from class io.ktor.http.content.TextContent
2026-09-11 18:46:08.439 [eventLoopGroupProxy-40-1 @call-handler#236] TRACE io.ktor.server.routing.Routing - Trace for [statements]
/, segment:0 -> SUCCESS @ /
  /statements, segment:1 -> SUCCESS @ /statements
    /statements [(method:GET)], segment:1 -> FAILURE "Selector didn't match" @ /statements [(method:GET)]
    /statements [(method:POST)], segment:1 -> SUCCESS @ /statements [(method:POST)]
Matched routes:
  "" -> "statements" -> "(method:POST)"
Routing resolve result:
  SUCCESS @ /statements [(method:POST)]
2026-09-11 18:46:08.441 [eventLoopGroupProxy-40-1 @call-handler#236] TRACE i.k.server.engine.DefaultTransform - No Default Transformations found for class io.ktor.utils.io.ByteChannel and expected type TypeInfo(kotlinx.serialization.json.JsonElement) for call /statements
2026-09-11 18:46:08.449 [Test worker @coroutine#2] TRACE io.ktor.client.plugins.SaveBody - Saving body for http://localhost:44295/statements
2026-09-11 18:46:08.449 [Test worker @coroutine#2] TRACE i.k.client.plugins.HttpCallValidator - Validating response for request http://localhost:44295/statements
2026-09-11 18:46:08.449 [Test worker @coroutine#2] TRACE i.k.c.p.DefaultResponseValidation - Skipping default response validation for http://localhost:44295/statements
2026-09-11 18:46:08.450 [Test worker @coroutine#2] TRACE i.k.c.p.c.ContentNegotiation - Response body was converted to class java.util.ArrayList for http://localhost:44295/statements.
2026-09-11 18:46:08.450 [Test worker @coroutine#2] TRACE i.k.c.p.c.ContentNegotiation - Adding Accept=application/json header for http://localhost:44295/statements?statementId=40aa4f51-0376-4c7a-a846-9bedf6c33623&related_activities=false&related_agents=false&format=canonical&attachments=false&ascending=false
2026-09-11 18:46:08.450 [Test worker @coroutine#2] TRACE i.k.c.p.c.ContentNegotiation - Body type class io.ktor.client.utils.EmptyContent is in ignored types. Skipping ContentNegotiation for http://localhost:44295/statements?statementId=40aa4f51-0376-4c7a-a846-9bedf6c33623&related_activities=false&related_agents=false&format=canonical&attachments=false&ascending=false.
2026-09-11 18:46:08.452 [eventLoopGroupProxy-40-1 @call-handler#241] TRACE io.ktor.server.routing.Routing - Trace for [statements]
/, segment:0 -> SUCCESS @ /
  /statements, segment:1 -> SUCCESS @ /statements
    /statements [(method:GET)], segment:1 -> SUCCESS @ /statements [(method:GET)]
    /statements [(method:POST)], segment:1 -> FAILURE "Selector didn't match" @ /statements [(method:POST)]
Matched routes:
  "" -> "statements" -> "(method:GET)"
Routing resolve result:
  SUCCESS @ /statements [(method:GET)]
2026-09-11 18:46:08.462 [Test worker @coroutine#2] TRACE io.ktor.client.plugins.SaveBody - Saving body for http://localhost:44295/statements?statementId=40aa4f51-0376-4c7a-a846-9bedf6c33623&related_activities=false&related_agents=false&format=canonical&attachments=false&ascending=false
2026-09-11 18:46:08.462 [Test worker @coroutine#2] TRACE i.k.client.plugins.HttpCallValidator - Validating response for request http://localhost:44295/statements?statementId=40aa4f51-0376-4c7a-a846-9bedf6c33623&related_activities=false&related_agents=false&format=canonical&attachments=false&ascending=false
2026-09-11 18:46:08.463 [Test worker @coroutine#2] TRACE i.k.c.p.DefaultResponseValidation - Skipping default response validation for http://localhost:44295/statements?statementId=40aa4f51-0376-4c7a-a846-9bedf6c33623&related_activities=false&related_agents=false&format=canonical&attachments=false&ascending=false
2026-09-11 18:46:08.463 [Test worker @coroutine#2] TRACE i.k.c.p.c.ContentNegotiation - Response body was converted to class world.respect.lib.xapi.model.XapiStatementResult for http://localhost:44295/statements?statementId=40aa4f51-0376-4c7a-a846-9bedf6c33623&related_activities=false&related_agents=false&format=canonical&attachments=false&ascending=false.
2026-09-11 18:46:08.464 [Test worker @coroutine#2] TRACE i.k.c.p.c.ContentNegotiation - Adding Accept=application/json header for http://localhost:44295/statements?statementId=40aa4f51-0376-4c7a-a846-9bedf6c33623&related_activities=false&related_agents=false&format=exact&attachments=false&ascending=false
2026-09-11 18:46:08.464 [Test worker @coroutine#2] TRACE i.k.c.p.c.ContentNegotiation - Body type class io.ktor.client.utils.EmptyContent is in ignored types. Skipping ContentNegotiation for http://localhost:44295/statements?statementId=40aa4f51-0376-4c7a-a846-9bedf6c33623&related_activities=false&related_agents=false&format=exact&attachments=false&ascending=false.
2026-09-11 18:46:08.466 [eventLoopGroupProxy-40-1 @call-handler#244] TRACE io.ktor.server.routing.Routing - Trace for [statements]
/, segment:0 -> SUCCESS @ /
  /statements, segment:1 -> SUCCESS @ /statements
    /statements [(method:GET)], segment:1 -> SUCCESS @ /statements [(method:GET)]
    /statements [(method:POST)], segment:1 -> FAILURE "Selector didn't match" @ /statements [(method:POST)]
Matched routes:
  "" -> "statements" -> "(method:GET)"
Routing resolve result:
  SUCCESS @ /statements [(method:GET)]
2026-09-11 18:46:08.471 [Test worker @coroutine#2] TRACE io.ktor.client.plugins.SaveBody - Saving body for http://localhost:44295/statements?statementId=40aa4f51-0376-4c7a-a846-9bedf6c33623&related_activities=false&related_agents=false&format=exact&attachments=false&ascending=false
2026-09-11 18:46:08.471 [Test worker @coroutine#2] TRACE i.k.client.plugins.HttpCallValidator - Validating response for request http://localhost:44295/statements?statementId=40aa4f51-0376-4c7a-a846-9bedf6c33623&related_activities=false&related_agents=false&format=exact&attachments=false&ascending=false
2026-09-11 18:46:08.471 [Test worker @coroutine#2] TRACE i.k.c.p.DefaultResponseValidation - Skipping default response validation for http://localhost:44295/statements?statementId=40aa4f51-0376-4c7a-a846-9bedf6c33623&related_activities=false&related_agents=false&format=exact&attachments=false&ascending=false
2026-09-11 18:46:08.471 [Test worker @coroutine#2] TRACE i.k.c.p.c.ContentNegotiation - Response body was converted to class world.respect.lib.xapi.model.XapiStatementResult for http://localhost:44295/statements?statementId=40aa4f51-0376-4c7a-a846-9bedf6c33623&related_activities=false&related_agents=false&format=exact&attachments=false&ascending=false.
2026-09-11 18:46:08.472 [Test worker @coroutine#2] TRACE i.k.c.p.c.ContentNegotiation - Adding Accept=application/json header for http://localhost:44295/statements?statementId=40aa4f51-0376-4c7a-a846-9bedf6c33623&related_activities=false&related_agents=false&format=ids&attachments=false&ascending=false
2026-09-11 18:46:08.472 [Test worker @coroutine#2] TRACE i.k.c.p.c.ContentNegotiation - Body type class io.ktor.client.utils.EmptyContent is in ignored types. Skipping ContentNegotiation for http://localhost:44295/statements?statementId=40aa4f51-0376-4c7a-a846-9bedf6c33623&related_activities=false&related_agents=false&format=ids&attachments=false&ascending=false.
2026-09-11 18:46:08.473 [eventLoopGroupProxy-40-1 @call-handler#247] TRACE io.ktor.server.routing.Routing - Trace for [statements]
/, segment:0 -> SUCCESS @ /
  /statements, segment:1 -> SUCCESS @ /statements
    /statements [(method:GET)], segment:1 -> SUCCESS @ /statements [(method:GET)]
    /statements [(method:POST)], segment:1 -> FAILURE "Selector didn't match" @ /statements [(method:POST)]
Matched routes:
  "" -> "statements" -> "(method:GET)"
Routing resolve result:
  SUCCESS @ /statements [(method:GET)]
2026-09-11 18:46:08.478 [Test worker @coroutine#2] TRACE io.ktor.client.plugins.SaveBody - Saving body for http://localhost:44295/statements?statementId=40aa4f51-0376-4c7a-a846-9bedf6c33623&related_activities=false&related_agents=false&format=ids&attachments=false&ascending=false
2026-09-11 18:46:08.478 [Test worker @coroutine#2] TRACE i.k.client.plugins.HttpCallValidator - Validating response for request http://localhost:44295/statements?statementId=40aa4f51-0376-4c7a-a846-9bedf6c33623&related_activities=false&related_agents=false&format=ids&attachments=false&ascending=false
2026-09-11 18:46:08.478 [Test worker @coroutine#2] TRACE i.k.c.p.DefaultResponseValidation - Skipping default response validation for http://localhost:44295/statements?statementId=40aa4f51-0376-4c7a-a846-9bedf6c33623&related_activities=false&related_agents=false&format=ids&attachments=false&ascending=false
2026-09-11 18:46:08.479 [Test worker @coroutine#2] TRACE i.k.c.p.c.ContentNegotiation - Response body was converted to class world.respect.lib.xapi.model.XapiStatementResult for http://localhost:44295/statements?statementId=40aa4f51-0376-4c7a-a846-9bedf6c33623&related_activities=false&related_agents=false&format=ids&attachments=false&ascending=false.
2026-09-11 18:46:08.487 [Test worker @coroutine#2] INFO  io.ktor.server.Application - Autoreload is disabled because the development mode is off.
2026-09-11 18:46:08.488 [Test worker @coroutine#2] INFO  io.ktor.server.Application - Application started in 0.001 seconds.
2026-09-11 18:46:08.489 [DefaultDispatcher-worker-4 @coroutine#252] INFO  io.ktor.server.Application - Responding at http://0.0.0.0:36741
2026-09-11 18:46:08.489 [Test worker @coroutine#2] TRACE i.k.c.p.c.ContentNegotiation - Adding Accept=application/json header for http://localhost:36741/statements
2026-09-11 18:46:08.490 [Test worker @coroutine#2] TRACE i.k.c.p.c.ContentNegotiation - Converted request body using io.ktor.serialization.kotlinx.KotlinxSerializationConverter@609319c3 for http://localhost:36741/statements
2026-09-11 18:46:08.490 [Test worker @coroutine#2] TRACE i.k.c.plugins.defaultTransformers - Transformed with default transformers request body for http://localhost:36741/statements from class io.ktor.http.content.TextContent
2026-09-11 18:46:08.494 [eventLoopGroupProxy-43-1 @call-handler#255] TRACE io.ktor.server.routing.Routing - Trace for [statements]
/, segment:0 -> SUCCESS @ /
  /statements, segment:1 -> SUCCESS @ /statements
    /statements [(method:GET)], segment:1 -> FAILURE "Selector didn't match" @ /statements [(method:GET)]
    /statements [(method:POST)], segment:1 -> SUCCESS @ /statements [(method:POST)]
Matched routes:
  "" -> "statements" -> "(method:POST)"
Routing resolve result:
  SUCCESS @ /statements [(method:POST)]
2026-09-11 18:46:08.494 [eventLoopGroupProxy-43-1 @call-handler#255] TRACE i.k.server.engine.DefaultTransform - No Default Transformations found for class io.ktor.utils.io.ByteChannel and expected type TypeInfo(kotlinx.serialization.json.JsonElement) for call /statements
2026-09-11 18:46:08.499 [Test worker @coroutine#2] TRACE io.ktor.client.plugins.SaveBody - Saving body for http://localhost:36741/statements
2026-09-11 18:46:08.499 [Test worker @coroutine#2] TRACE i.k.client.plugins.HttpCallValidator - Validating response for request http://localhost:36741/statements
2026-09-11 18:46:08.499 [Test worker @coroutine#2] TRACE i.k.c.p.DefaultResponseValidation - Skipping default response validation for http://localhost:36741/statements
2026-09-11 18:46:08.499 [Test worker @coroutine#2] TRACE i.k.c.p.c.ContentNegotiation - Response body was converted to class java.util.ArrayList for http://localhost:36741/statements.
2026-09-11 18:46:08.499 [Test worker @coroutine#2] TRACE i.k.c.p.c.ContentNegotiation - Adding Accept=application/json header for http://localhost:36741/statements?statementId=30140b3f-6a8d-4a8e-ad6e-81de8529c6bb&related_activities=false&related_agents=false&format=canonical&attachments=false&ascending=false
2026-09-11 18:46:08.499 [Test worker @coroutine#2] TRACE i.k.c.p.c.ContentNegotiation - Body type class io.ktor.client.utils.EmptyContent is in ignored types. Skipping ContentNegotiation for http://localhost:36741/statements?statementId=30140b3f-6a8d-4a8e-ad6e-81de8529c6bb&related_activities=false&related_agents=false&format=canonical&attachments=false&ascending=false.
2026-09-11 18:46:08.501 [eventLoopGroupProxy-43-1 @call-handler#260] TRACE io.ktor.server.routing.Routing - Trace for [statements]
/, segment:0 -> SUCCESS @ /
  /statements, segment:1 -> SUCCESS @ /statements
    /statements [(method:GET)], segment:1 -> SUCCESS @ /statements [(method:GET)]
    /statements [(method:POST)], segment:1 -> FAILURE "Selector didn't match" @ /statements [(method:POST)]
Matched routes:
  "" -> "statements" -> "(method:GET)"
Routing resolve result:
  SUCCESS @ /statements [(method:GET)]
2026-09-11 18:46:08.503 [Test worker @coroutine#2] TRACE io.ktor.client.plugins.SaveBody - Saving body for http://localhost:36741/statements?statementId=30140b3f-6a8d-4a8e-ad6e-81de8529c6bb&related_activities=false&related_agents=false&format=canonical&attachments=false&ascending=false
2026-09-11 18:46:08.503 [Test worker @coroutine#2] TRACE i.k.client.plugins.HttpCallValidator - Validating response for request http://localhost:36741/statements?statementId=30140b3f-6a8d-4a8e-ad6e-81de8529c6bb&related_activities=false&related_agents=false&format=canonical&attachments=false&ascending=false
2026-09-11 18:46:08.503 [Test worker @coroutine#2] TRACE i.k.c.p.DefaultResponseValidation - Skipping default response validation for http://localhost:36741/statements?statementId=30140b3f-6a8d-4a8e-ad6e-81de8529c6bb&related_activities=false&related_agents=false&format=canonical&attachments=false&ascending=false
2026-09-11 18:46:08.504 [Test worker @coroutine#2] TRACE i.k.c.p.c.ContentNegotiation - Response body was converted to class world.respect.lib.xapi.model.XapiStatementResult for http://localhost:36741/statements?statementId=30140b3f-6a8d-4a8e-ad6e-81de8529c6bb&related_activities=false&related_agents=false&format=canonical&attachments=false&ascending=false.
2026-09-11 18:46:08.504 [Test worker @coroutine#2] TRACE i.k.c.p.c.ContentNegotiation - Adding Accept=application/json header for http://localhost:36741/statements?statementId=30140b3f-6a8d-4a8e-ad6e-81de8529c6bb&related_activities=false&related_agents=false&format=exact&attachments=false&ascending=false
2026-09-11 18:46:08.504 [Test worker @coroutine#2] TRACE i.k.c.p.c.ContentNegotiation - Body type class io.ktor.client.utils.EmptyContent is in ignored types. Skipping ContentNegotiation for http://localhost:36741/statements?statementId=30140b3f-6a8d-4a8e-ad6e-81de8529c6bb&related_activities=false&related_agents=false&format=exact&attachments=false&ascending=false.
2026-09-11 18:46:08.506 [eventLoopGroupProxy-43-1 @call-handler#263] TRACE io.ktor.server.routing.Routing - Trace for [statements]
/, segment:0 -> SUCCESS @ /
  /statements, segment:1 -> SUCCESS @ /statements
    /statements [(method:GET)], segment:1 -> SUCCESS @ /statements [(method:GET)]
    /statements [(method:POST)], segment:1 -> FAILURE "Selector didn't match" @ /statements [(method:POST)]
Matched routes:
  "" -> "statements" -> "(method:GET)"
Routing resolve result:
  SUCCESS @ /statements [(method:GET)]
2026-09-11 18:46:08.510 [Test worker @coroutine#2] TRACE io.ktor.client.plugins.SaveBody - Saving body for http://localhost:36741/statements?statementId=30140b3f-6a8d-4a8e-ad6e-81de8529c6bb&related_activities=false&related_agents=false&format=exact&attachments=false&ascending=false
2026-09-11 18:46:08.510 [Test worker @coroutine#2] TRACE i.k.client.plugins.HttpCallValidator - Validating response for request http://localhost:36741/statements?statementId=30140b3f-6a8d-4a8e-ad6e-81de8529c6bb&related_activities=false&related_agents=false&format=exact&attachments=false&ascending=false
2026-09-11 18:46:08.510 [Test worker @coroutine#2] TRACE i.k.c.p.DefaultResponseValidation - Skipping default response validation for http://localhost:36741/statements?statementId=30140b3f-6a8d-4a8e-ad6e-81de8529c6bb&related_activities=false&related_agents=false&format=exact&attachments=false&ascending=false
2026-09-11 18:46:08.510 [Test worker @coroutine#2] TRACE i.k.c.p.c.ContentNegotiation - Response body was converted to class world.respect.lib.xapi.model.XapiStatementResult for http://localhost:36741/statements?statementId=30140b3f-6a8d-4a8e-ad6e-81de8529c6bb&related_activities=false&related_agents=false&format=exact&attachments=false&ascending=false.
2026-09-11 18:46:08.511 [Test worker @coroutine#2] TRACE i.k.c.p.c.ContentNegotiation - Adding Accept=application/json header for http://localhost:36741/statements?statementId=30140b3f-6a8d-4a8e-ad6e-81de8529c6bb&related_activities=false&related_agents=false&format=ids&attachments=false&ascending=false
2026-09-11 18:46:08.511 [Test worker @coroutine#2] TRACE i.k.c.p.c.ContentNegotiation - Body type class io.ktor.client.utils.EmptyContent is in ignored types. Skipping ContentNegotiation for http://localhost:36741/statements?statementId=30140b3f-6a8d-4a8e-ad6e-81de8529c6bb&related_activities=false&related_agents=false&format=ids&attachments=false&ascending=false.
2026-09-11 18:46:08.512 [eventLoopGroupProxy-43-1 @call-handler#266] TRACE io.ktor.server.routing.Routing - Trace for [statements]
/, segment:0 -> SUCCESS @ /
  /statements, segment:1 -> SUCCESS @ /statements
    /statements [(method:GET)], segment:1 -> SUCCESS @ /statements [(method:GET)]
    /statements [(method:POST)], segment:1 -> FAILURE "Selector didn't match" @ /statements [(method:POST)]
Matched routes:
  "" -> "statements" -> "(method:GET)"
Routing resolve result:
  SUCCESS @ /statements [(method:GET)]
2026-09-11 18:46:08.515 [Test worker @coroutine#2] TRACE io.ktor.client.plugins.SaveBody - Saving body for http://localhost:36741/statements?statementId=30140b3f-6a8d-4a8e-ad6e-81de8529c6bb&related_activities=false&related_agents=false&format=ids&attachments=false&ascending=false
2026-09-11 18:46:08.516 [Test worker @coroutine#2] TRACE i.k.client.plugins.HttpCallValidator - Validating response for request http://localhost:36741/statements?statementId=30140b3f-6a8d-4a8e-ad6e-81de8529c6bb&related_activities=false&related_agents=false&format=ids&attachments=false&ascending=false
2026-09-11 18:46:08.516 [Test worker @coroutine#2] TRACE i.k.c.p.DefaultResponseValidation - Skipping default response validation for http://localhost:36741/statements?statementId=30140b3f-6a8d-4a8e-ad6e-81de8529c6bb&related_activities=false&related_agents=false&format=ids&attachments=false&ascending=false
2026-09-11 18:46:08.516 [Test worker @coroutine#2] TRACE i.k.c.p.c.ContentNegotiation - Response body was converted to class world.respect.lib.xapi.model.XapiStatementResult for http://localhost:36741/statements?statementId=30140b3f-6a8d-4a8e-ad6e-81de8529c6bb&related_activities=false&related_agents=false&format=ids&attachments=false&ascending=false.
